deviceID,total points,overflow points,overflow percentage, overflow time(ms)
630102001,177,0,0.0,0
630102301,217,0,0.0,0
630102302,187,0,0.0,0
630102303,185,0,0.0,0
630102304,194,0,0.0,0
630102305,176,0,0.0,0
630102306,178,0,0.0,0
630102307,178,0,0.0,0
630102308,186,0,0.0,0
630102309,181,0,0.0,0
630102310,176,0,0.0,0
630102311,172,0,0.0,0
630102312,197,0,0.0,0
630102313,197,0,0.0,0
630102314,188,0,0.0,0
630102315,175,0,0.0,0
630102316,181,0,0.0,0
630102317,186,0,0.0,0
630102318,185,0,0.0,0
630102319,186,1,0.005376344086021506,697490
630102320,163,0,0.0,0
630102321,186,0,0.0,0
630102322,208,0,0.0,0
630102323,191,0,0.0,0
630102324,188,0,0.0,0
630102325,183,0,0.0,0
630102326,196,0,0.0,0
630102327,196,0,0.0,0
630102328,160,0,0.0,0
630102329,176,0,0.0,0
630102330,198,0,0.0,0
630102331,178,0,0.0,0
630102332,177,0,0.0,0
630102333,197,1,0.005076142131979695,742213
630102334,191,1,0.005235602094240838,701584
630102335,205,0,0.0,0
630102336,183,0,0.0,0
630102337,189,1,0.005291005291005291,589803
630102338,173,1,0.005780346820809248,818512
630102339,193,0,0.0,0
630102340,190,0,0.0,0
630102341,199,0,0.0,0
630102342,202,0,0.0,0
630102401,190,0,0.0,0
630102402,190,0,0.0,0
630102403,187,0,0.0,0
630102404,174,0,0.0,0
630102405,181,0,0.0,0
630102406,168,0,0.0,0
630102407,177,0,0.0,0
630102501,186,0,0.0,0
630102502,201,0,0.0,0
630102503,157,0,0.0,0
630102504,177,0,0.0,0
630102505,189,0,0.0,0
630102506,186,0,0.0,0
630102507,197,1,0.005076142131979695,809167
630102508,184,0,0.0,0
630102509,191,0,0.0,0
630102510,180,0,0.0,0
630102511,172,0,0.0,0
630102512,183,0,0.0,0
630102513,178,0,0.0,0
630102601,184,0,0.0,0
630102701,192,0,0.0,0
630102702,193,0,0.0,0
630102703,180,0,0.0,0
630102704,181,0,0.0,0
630102705,201,0,0.0,0
630102706,202,0,0.0,0
630102707,180,0,0.0,0
630102708,213,0,0.0,0
630102709,201,0,0.0,0
630102710,167,0,0.0,0
630102901,165,0,0.0,0
632523101,177,0,0.0,0
632523102,151,0,0.0,0
632523103,153,0,0.0,0
632523104,156,0,0.0,0
632523105,164,0,0.0,0
632523106,166,0,0.0,0
632523107,169,0,0.0,0
632523108,153,0,0.0,0
632523109,182,0,0.0,0
632523110,187,0,0.0,0
632523111,170,0,0.0,0
632523112,155,0,0.0,0
632523113,192,0,0.0,0
632523114,156,0,0.0,0
632523115,188,1,0.005319148936170213,762332
632523116,183,0,0.0,0
632523117,169,0,0.0,0
632523118,154,0,0.0,0
632523119,190,0,0.0,0
632523120,181,0,0.0,0
632523121,186,0,0.0,0
632523122,194,0,0.0,0
632523123,193,0,0.0,0
632523124,191,0,0.0,0
632523125,180,0,0.0,0
632523126,210,0,0.0,0
632523127,178,0,0.0,0
632523128,155,0,0.0,0
632523129,156,0,0.0,0
632523130,182,0,0.0,0
632523131,167,0,0.0,0
632523132,175,0,0.0,0
632523133,174,0,0.0,0
632523134,157,0,0.0,0
632523135,146,1,0.00684931506849315,838678
632523136,179,0,0.0,0
632523137,139,0,0.0,0
632523138,211,0,0.0,0
632523139,173,0,0.0,0
632523140,147,0,0.0,0
632523141,160,0,0.0,0
632523142,155,1,0.0064516129032258064,966290
632523143,201,0,0.0,0
632523144,176,0,0.0,0
632523145,157,0,0.0,0
632523146,190,0,0.0,0
632523147,191,0,0.0,0
632523148,172,0,0.0,0
632523149,171,0,0.0,0
632523150,183,1,0.00546448087431694,752192
632523151,159,0,0.0,0
632523152,160,0,0.0,0
632523153,174,1,0.005747126436781609,896882
632523154,179,0,0.0,0
632523155,168,0,0.0,0
632523156,165,0,0.0,0
632523157,185,0,0.0,0
632523158,181,0,0.0,0
632523159,160,0,0.0,0
632523160,191,0,0.0,0
632523161,168,0,0.0,0
632523162,144,0,0.0,0
632523163,157,0,0.0,0
632523164,164,0,0.0,0
632523165,200,0,0.0,0
632523166,162,0,0.0,0
632523167,170,0,0.0,0
632523168,166,0,0.0,0
632523169,165,0,0.0,0
632523170,143,0,0.0,0
632523171,164,0,0.0,0
632523172,166,0,0.0,0
632523173,200,1,0.005,965618
632523174,168,0,0.0,0
632523175,182,0,0.0,0
632523176,192,0,0.0,0
632523177,186,0,0.0,0
632523178,168,0,0.0,0
632523179,166,0,0.0,0
632523180,167,0,0.0,0
632523181,169,0,0.0,0
632523182,176,0,0.0,0
632523183,173,0,0.0,0
632523184,188,0,0.0,0
632523185,182,0,0.0,0
632523186,153,0,0.0,0
632523187,157,0,0.0,0
632523188,161,0,0.0,0
632523189,193,0,0.0,0
632523190,187,0,0.0,0
632523191,161,0,0.0,0
632523192,175,0,0.0,0
632523193,161,0,0.0,0
632523194,206,0,0.0,0
632523195,154,0,0.0,0
632523196,163,0,0.0,0
632523197,178,0,0.0,0
632523198,182,0,0.0,0
632523199,162,1,0.006172839506172839,902148
632523200,149,0,0.0,0
632523201,135,0,0.0,0
632523202,154,0,0.0,0
632523203,135,0,0.0,0
632523204,190,0,0.0,0
632523205,140,0,0.0,0
632523206,154,0,0.0,0
632523207,166,0,0.0,0
632523208,196,0,0.0,0
632523209,165,0,0.0,0
632523210,177,0,0.0,0
632523211,173,0,0.0,0
632523212,197,0,0.0,0
632523213,159,0,0.0,0
632523214,147,0,0.0,0
632523215,219,0,0.0,0
632523216,159,0,0.0,0
632523217,163,0,0.0,0
632523218,161,0,0.0,0
632523219,150,0,0.0,0
632523220,206,1,0.0048543689320388345,940321
632523221,155,0,0.0,0
632523222,154,0,0.0,0
632523223,195,0,0.0,0
632523224,148,0,0.0,0
632523225,185,0,0.0,0
632523226,189,0,0.0,0
632523227,134,0,0.0,0
632523228,160,0,0.0,0
632523229,171,0,0.0,0
632523230,188,0,0.0,0
632523231,164,0,0.0,0
632523232,162,1,0.006172839506172839,866960
632523233,151,1,0.006622516556291391,883461
632523234,180,0,0.0,0
632523235,166,0,0.0,0
632523236,153,0,0.0,0
632523237,191,0,0.0,0
632523238,155,0,0.0,0
632523239,150,0,0.0,0
632523240,169,0,0.0,0
632523241,168,0,0.0,0
632523242,143,0,0.0,0
632523243,166,0,0.0,0
632523244,184,0,0.0,0
632523245,155,0,0.0,0
632523246,180,0,0.0,0
632523247,168,0,0.0,0
632523248,173,0,0.0,0
632523249,193,0,0.0,0
632523250,157,1,0.006369426751592357,790990
632523251,177,0,0.0,0
632523252,149,0,0.0,0
632523253,165,0,0.0,0
632523254,152,0,0.0,0
632523255,195,0,0.0,0
632523256,178,0,0.0,0
632523257,165,0,0.0,0
632523258,213,0,0.0,0
632523259,162,1,0.006172839506172839,958744
632523260,148,0,0.0,0
632523261,168,0,0.0,0
632523262,159,0,0.0,0
632523263,169,0,0.0,0
632523264,204,0,0.0,0
632523265,152,0,0.0,0
632523266,197,0,0.0,0
632523267,166,0,0.0,0
632523268,159,0,0.0,0
632523269,191,0,0.0,0
632523270,151,0,0.0,0
632523271,185,0,0.0,0
632523272,195,0,0.0,0
632523273,194,0,0.0,0
632523274,148,0,0.0,0
632523275,192,0,0.0,0
632523276,154,0,0.0,0
632523277,176,0,0.0,0
632523278,174,0,0.0,0
632523279,161,0,0.0,0
632523280,161,0,0.0,0
632523281,198,0,0.0,0
632523282,170,0,0.0,0
632523283,169,0,0.0,0
632523284,150,0,0.0,0
632523285,192,0,0.0,0
632523286,176,0,0.0,0
632523287,165,0,0.0,0
632523288,175,0,0.0,0
632523289,194,1,0.005154639175257732,733769
632523290,202,0,0.0,0
632523291,170,0,0.0,0
632523292,209,0,0.0,0
632523293,181,0,0.0,0
632523294,190,0,0.0,0
632523295,198,0,0.0,0
632523296,174,0,0.0,0
632523297,157,0,0.0,0
632523298,175,0,0.0,0
632523299,196,0,0.0,0
632523300,149,0,0.0,0
632523301,171,0,0.0,0
632523302,170,1,0.0058823529411764705,815036
632523303,169,0,0.0,0
632523304,177,0,0.0,0
632523305,186,0,0.0,0
632523306,181,1,0.0055248618784530384,864085
632523307,162,0,0.0,0
632523308,193,0,0.0,0
632523309,188,0,0.0,0
632523310,153,0,0.0,0
632523311,214,1,0.004672897196261682,919727
632523312,175,0,0.0,0
632523313,186,0,0.0,0
632523314,157,0,0.0,0
632523315,155,0,0.0,0
632523316,186,0,0.0,0
632523317,172,1,0.005813953488372093,757082
632523318,158,0,0.0,0
632523319,168,0,0.0,0
632523320,173,0,0.0,0
632523321,170,0,0.0,0
632523322,156,0,0.0,0
632523323,171,0,0.0,0
632523324,171,0,0.0,0
632523325,175,0,0.0,0
632523326,165,0,0.0,0
632523327,175,0,0.0,0
632523328,198,0,0.0,0
632523329,158,1,0.006329113924050633,796849
632523330,182,0,0.0,0
632523331,200,0,0.0,0
632523332,189,0,0.0,0
632523333,171,0,0.0,0
632523334,170,0,0.0,0
632523335,192,0,0.0,0
632523336,175,0,0.0,0
632523337,198,0,0.0,0
632523338,186,0,0.0,0
632523339,162,0,0.0,0
632523340,167,0,0.0,0
632523501,159,0,0.0,0
632523502,180,0,0.0,0
632523503,169,0,0.0,0
632523504,191,0,0.0,0
632523505,187,0,0.0,0
632523506,191,0,0.0,0
632523507,181,0,0.0,0
632523508,171,0,0.0,0
632523509,189,0,0.0,0
632523510,184,0,0.0,0
632523511,183,0,0.0,0
632523512,176,0,0.0,0
632523513,182,0,0.0,0
632523514,192,0,0.0,0
632523515,181,0,0.0,0
632523516,178,0,0.0,0
632523517,172,0,0.0,0
632523518,163,0,0.0,0
632523519,187,0,0.0,0
632523520,184,0,0.0,0
632523521,175,0,0.0,0
632523522,176,0,0.0,0
632523523,182,0,0.0,0
632523524,158,0,0.0,0
632523525,164,0,0.0,0
632523526,184,0,0.0,0
632523527,195,0,0.0,0
632523528,178,0,0.0,0
632523529,203,0,0.0,0
632523530,169,0,0.0,0
632523531,184,0,0.0,0
632523532,198,0,0.0,0
632523533,185,0,0.0,0
632523534,207,0,0.0,0
632523535,176,0,0.0,0
632523536,200,0,0.0,0
632523537,152,0,0.0,0
632523538,180,0,0.0,0
632523539,146,0,0.0,0
632523540,176,0,0.0,0
632523601,180,0,0.0,0
632523602,159,0,0.0,0
632523603,168,0,0.0,0
632523604,156,0,0.0,0
632523605,177,0,0.0,0
632523606,171,0,0.0,0
632523607,158,0,0.0,0
632523608,160,0,0.0,0
632523609,171,0,0.0,0
632523610,189,0,0.0,0
632523611,178,1,0.0056179775280898875,985635
632523612,147,0,0.0,0
632523613,172,0,0.0,0
632523614,190,0,0.0,0
632523615,177,0,0.0,0
632523616,156,0,0.0,0
632523617,162,0,0.0,0
632523618,220,0,0.0,0
632523619,180,0,0.0,0
632523620,162,0,0.0,0
632523901,172,0,0.0,0
632523902,158,0,0.0,0
632523903,187,0,0.0,0
632523904,155,0,0.0,0
632523905,178,0,0.0,0
632523906,153,0,0.0,0
632523907,197,0,0.0,0
632523908,182,0,0.0,0
632523909,177,0,0.0,0
632523910,182,0,0.0,0
632626901,138,0,0.0,0
632627901,139,0,0.0,0
632701901,118,0,0.0,0
632702901,126,0,0.0,0
632812101,133,0,0.0,0
632812102,148,0,0.0,0
632812103,144,0,0.0,0
632812104,137,0,0.0,0
632812105,147,0,0.0,0
632812106,138,0,0.0,0
632812107,147,0,0.0,0
632812108,142,0,0.0,0
632812109,147,1,0.006802721088435374,845957
632812110,138,0,0.0,0
632812111,143,0,0.0,0
632812112,134,0,0.0,0
632812113,128,0,0.0,0
632812201,128,0,0.0,0
632812202,119,0,0.0,0
632812203,120,0,0.0,0
632812204,135,0,0.0,0
632812205,137,0,0.0,0
632812206,135,0,0.0,0
632812207,158,0,0.0,0
632812208,144,1,0.006944444444444444,983005
632812209,160,0,0.0,0
632812210,134,1,0.007462686567164179,775082
632812211,158,0,0.0,0
632812212,143,0,0.0,0
632812213,152,0,0.0,0
632812214,149,0,0.0,0
632812215,165,0,0.0,0
632812216,138,0,0.0,0
632812217,165,0,0.0,0
632812218,165,0,0.0,0
632812219,154,0,0.0,0
632812220,160,0,0.0,0
632812221,134,0,0.0,0
632812222,128,1,0.0078125,793145
632812223,133,0,0.0,0
632812224,144,0,0.0,0
632812225,142,0,0.0,0
632812226,135,0,0.0,0
632812227,151,0,0.0,0
632812228,130,0,0.0,0
632812229,140,0,0.0,0
632812230,141,0,0.0,0
632812231,129,0,0.0,0
632812232,143,0,0.0,0
632812233,136,0,0.0,0
632812234,144,0,0.0,0
632812235,157,0,0.0,0
632812236,165,0,0.0,0
632812237,140,0,0.0,0
632812238,149,0,0.0,0
632812239,150,0,0.0,0
632812240,148,0,0.0,0
632812241,130,0,0.0,0
632812242,144,0,0.0,0
632812243,153,0,0.0,0
632812244,158,0,0.0,0
632812245,152,0,0.0,0
632812246,156,0,0.0,0
632812247,125,0,0.0,0
632812248,150,0,0.0,0
632812249,139,0,0.0,0
632812250,134,0,0.0,0
632812251,138,0,0.0,0
632812252,164,0,0.0,0
632812253,147,0,0.0,0
632812254,144,0,0.0,0
632812255,149,0,0.0,0
632812256,154,0,0.0,0
632812257,129,0,0.0,0
632812258,133,0,0.0,0
632812259,139,1,0.007194244604316547,882067
632812260,124,0,0.0,0
632812261,161,1,0.006211180124223602,904223
632812262,126,0,0.0,0
632812263,156,0,0.0,0
632812264,130,0,0.0,0
632812265,138,0,0.0,0
632812266,153,0,0.0,0
632812267,155,0,0.0,0
632812268,175,1,0.005714285714285714,555674
632812269,163,0,0.0,0
632812270,184,0,0.0,0
632812271,153,0,0.0,0
632812272,174,0,0.0,0
632812273,168,0,0.0,0
632812274,145,0,0.0,0
632812275,153,0,0.0,0
632812276,158,0,0.0,0
632812277,149,0,0.0,0
632812278,168,0,0.0,0
632812279,194,0,0.0,0
632812280,163,0,0.0,0
632812281,155,0,0.0,0
632812282,155,0,0.0,0
632812283,139,0,0.0,0
632812284,163,0,0.0,0
632812285,167,0,0.0,0
632812286,192,0,0.0,0
632812287,130,0,0.0,0
632812288,171,0,0.0,0
632812289,178,0,0.0,0
632812290,180,0,0.0,0
632812291,170,0,0.0,0
632812292,204,0,0.0,0
632812293,155,0,0.0,0
632812294,178,0,0.0,0
632812295,164,0,0.0,0
632812296,192,0,0.0,0
632812297,164,0,0.0,0
632812298,176,0,0.0,0
632812299,180,0,0.0,0
632812300,160,0,0.0,0
632812301,183,0,0.0,0
632812302,168,0,0.0,0
632812303,153,0,0.0,0
632812304,142,0,0.0,0
632812305,183,0,0.0,0
632812306,182,1,0.005494505494505495,982333
632812307,173,0,0.0,0
632812308,156,0,0.0,0
632812309,184,0,0.0,0
632812310,183,0,0.0,0
632812311,187,0,0.0,0
632812312,155,0,0.0,0
632812313,181,1,0.0055248618784530384,931098
632812314,162,0,0.0,0
632812315,176,1,0.005681818181818182,849036
632812316,189,0,0.0,0
632812317,178,0,0.0,0
632812318,163,0,0.0,0
632812319,168,0,0.0,0
632812320,151,0,0.0,0
632812321,145,0,0.0,0
632812322,186,0,0.0,0
632812323,162,1,0.006172839506172839,822676
632812324,192,0,0.0,0
632812325,171,0,0.0,0
632812326,188,0,0.0,0
632812327,167,0,0.0,0
632812328,198,0,0.0,0
632812329,177,0,0.0,0
632812330,171,0,0.0,0
632812331,183,0,0.0,0
632812332,152,0,0.0,0
632812333,172,0,0.0,0
632812334,169,0,0.0,0
632812335,167,0,0.0,0
632812336,181,0,0.0,0
632812337,193,0,0.0,0
632812338,192,0,0.0,0
632812339,180,0,0.0,0
632812340,185,0,0.0,0
632812341,181,0,0.0,0
632812342,184,0,0.0,0
632812343,170,0,0.0,0
632812344,164,0,0.0,0
632812345,172,0,0.0,0
632812346,166,0,0.0,0
632812347,159,0,0.0,0
632812348,168,0,0.0,0
632812349,180,0,0.0,0
632812350,198,0,0.0,0
632812351,181,0,0.0,0
632812352,169,0,0.0,0
632812353,157,0,0.0,0
632812354,138,0,0.0,0
632812355,147,0,0.0,0
632812356,142,0,0.0,0
632812357,129,0,0.0,0
632812358,124,0,0.0,0
632812359,151,0,0.0,0
632812360,133,0,0.0,0
632812361,140,0,0.0,0
632812362,147,0,0.0,0
632812363,133,0,0.0,0
632812364,148,0,0.0,0
632812365,156,0,0.0,0
632812366,138,0,0.0,0
632812367,123,0,0.0,0
632812368,145,0,0.0,0
632812369,142,0,0.0,0
632812370,139,0,0.0,0
632812371,169,0,0.0,0
632812372,148,0,0.0,0
632812373,153,0,0.0,0
632812374,150,0,0.0,0
632812375,147,0,0.0,0
632812376,140,0,0.0,0
632812377,143,1,0.006993006993006993,701035
632812378,144,0,0.0,0
632812379,147,0,0.0,0
632812380,142,0,0.0,0
632812381,138,0,0.0,0
632812382,150,0,0.0,0
632812383,137,1,0.0072992700729927005,878442
632812384,134,0,0.0,0
632812385,146,0,0.0,0
632812386,146,0,0.0,0
632812387,144,1,0.006944444444444444,869988
632812388,154,0,0.0,0
632812389,144,0,0.0,0
632812390,127,0,0.0,0
632812391,134,0,0.0,0
632812392,165,0,0.0,0
632812393,172,0,0.0,0
632812394,153,0,0.0,0
632812395,148,1,0.006756756756756757,837067
632812396,158,0,0.0,0
632812397,172,0,0.0,0
632812398,166,0,0.0,0
632812399,171,0,0.0,0
632812400,183,0,0.0,0
632812401,146,0,0.0,0
632812402,144,0,0.0,0
632812403,141,0,0.0,0
632812404,169,0,0.0,0
632812405,179,0,0.0,0
632812406,156,0,0.0,0
632812407,169,0,0.0,0
632812408,159,0,0.0,0
632812409,162,0,0.0,0
632812410,168,0,0.0,0
632812411,182,0,0.0,0
632812412,150,0,0.0,0
632812413,187,0,0.0,0
632812414,139,0,0.0,0
632812415,186,0,0.0,0
632812416,142,0,0.0,0
632812417,180,0,0.0,0
632812418,167,0,0.0,0
632812419,171,0,0.0,0
632812420,178,0,0.0,0
632812421,150,0,0.0,0
632812422,139,0,0.0,0
632812423,170,0,0.0,0
632812424,165,0,0.0,0
632812425,148,0,0.0,0
632812426,158,0,0.0,0
632812427,166,0,0.0,0
632812428,177,0,0.0,0
632812429,143,0,0.0,0
632812430,176,0,0.0,0
632812431,172,0,0.0,0
632812432,182,1,0.005494505494505495,607035
632812433,133,0,0.0,0
632812434,140,0,0.0,0
632812435,170,1,0.0058823529411764705,788082
632812436,170,0,0.0,0
632812437,154,0,0.0,0
632812438,147,0,0.0,0
632812439,166,0,0.0,0
632812440,142,0,0.0,0
632812441,169,0,0.0,0
632812442,173,0,0.0,0
632812443,154,0,0.0,0
632812444,141,0,0.0,0
632812445,168,0,0.0,0
632812446,157,0,0.0,0
632812447,179,1,0.00558659217877095,799192
632812448,182,0,0.0,0
632812449,148,0,0.0,0
632812450,172,0,0.0,0
632812451,152,0,0.0,0
632812452,141,0,0.0,0
632812453,149,0,0.0,0
632812454,134,0,0.0,0
632812455,151,0,0.0,0
632812456,151,0,0.0,0
632812457,139,0,0.0,0
632812458,164,0,0.0,0
632812459,158,0,0.0,0
632812460,164,0,0.0,0
632812461,177,0,0.0,0
632812462,155,0,0.0,0
632812463,158,0,0.0,0
632812464,148,0,0.0,0
632812465,189,0,0.0,0
632812466,137,0,0.0,0
632812467,158,0,0.0,0
632812468,173,0,0.0,0
632812469,177,0,0.0,0
632812470,169,0,0.0,0
632812471,157,0,0.0,0
632812472,172,0,0.0,0
632812473,145,0,0.0,0
632812474,159,0,0.0,0
632812475,155,0,0.0,0
632812476,163,0,0.0,0
632812477,148,0,0.0,0
632812478,166,1,0.006024096385542169,766191
632812479,157,0,0.0,0
632812480,159,0,0.0,0
632812481,157,0,0.0,0
632812482,176,0,0.0,0
632812483,160,0,0.0,0
632812484,178,0,0.0,0
632812485,159,0,0.0,0
632812486,172,0,0.0,0
632812487,156,0,0.0,0
632812488,182,0,0.0,0
632812489,142,0,0.0,0
632812490,158,0,0.0,0
632812491,159,0,0.0,0
632812492,174,0,0.0,0
632812493,143,0,0.0,0
632812494,156,0,0.0,0
632812495,171,0,0.0,0
632812496,181,0,0.0,0
632812497,160,0,0.0,0
632812498,161,0,0.0,0
632812499,165,0,0.0,0
632812500,164,0,0.0,0
632812501,185,1,0.005405405405405406,870520
632812502,182,0,0.0,0
632812503,176,0,0.0,0
632812504,167,0,0.0,0
632812505,145,0,0.0,0
632812506,174,0,0.0,0
632812507,160,0,0.0,0
632812508,179,0,0.0,0
632812509,168,0,0.0,0
632812510,161,0,0.0,0
632812511,157,0,0.0,0
632812512,160,0,0.0,0
632812513,149,0,0.0,0
632812514,156,0,0.0,0
632812515,162,0,0.0,0
632812516,151,0,0.0,0
632812517,170,0,0.0,0
632812518,175,0,0.0,0
632812519,168,0,0.0,0
632812520,149,0,0.0,0
632812521,166,0,0.0,0
632812522,167,0,0.0,0
632812523,156,0,0.0,0
632812524,152,0,0.0,0
632812525,141,0,0.0,0
632812526,153,0,0.0,0
632812527,172,0,0.0,0
632812528,178,0,0.0,0
632812529,156,0,0.0,0
632812530,156,0,0.0,0
632812531,168,0,0.0,0
632812532,141,0,0.0,0
632812533,161,0,0.0,0
632812534,151,0,0.0,0
632812535,160,0,0.0,0
632812536,154,0,0.0,0
632812537,159,0,0.0,0
632812538,155,0,0.0,0
632812539,155,0,0.0,0
632812540,158,0,0.0,0
632812541,168,0,0.0,0
632812542,162,0,0.0,0
632812543,171,0,0.0,0
632812544,160,0,0.0,0
632812545,146,0,0.0,0
632812546,144,0,0.0,0
632812547,140,0,0.0,0
632812548,151,0,0.0,0
632812549,156,1,0.00641025641025641,801114
632812550,143,0,0.0,0
632812551,162,0,0.0,0
632812552,162,0,0.0,0
632812553,152,0,0.0,0
632812554,133,0,0.0,0
632812555,178,0,0.0,0
632812556,172,0,0.0,0
632812557,150,0,0.0,0
632812558,140,0,0.0,0
632812559,147,0,0.0,0
632812560,127,0,0.0,0
632812561,120,0,0.0,0
632812562,139,0,0.0,0
632812563,138,0,0.0,0
632812564,150,0,0.0,0
632812565,144,0,0.0,0
632812566,129,0,0.0,0
632812567,133,0,0.0,0
632812568,158,0,0.0,0
632812569,144,0,0.0,0
632812570,116,0,0.0,0
632812571,130,0,0.0,0
632812572,141,0,0.0,0
632812573,134,0,0.0,0
632812574,136,0,0.0,0
632812575,143,0,0.0,0
632812576,116,0,0.0,0
632812577,151,0,0.0,0
632812578,139,0,0.0,0
632812579,151,0,0.0,0
632812580,131,0,0.0,0
632812581,167,0,0.0,0
632812582,131,0,0.0,0
632812583,137,0,0.0,0
632812584,132,0,0.0,0
632812585,151,0,0.0,0
632812586,111,0,0.0,0
632812587,148,0,0.0,0
632812588,137,0,0.0,0
632812589,111,0,0.0,0
632812590,141,0,0.0,0
632812591,142,0,0.0,0
632812592,142,0,0.0,0
632812593,137,0,0.0,0
632812594,134,0,0.0,0
632812595,126,0,0.0,0
632812596,133,0,0.0,0
632812597,128,0,0.0,0
632812598,125,0,0.0,0
632812599,134,0,0.0,0
632812600,137,0,0.0,0
632812601,131,0,0.0,0
632812602,152,0,0.0,0
632812603,138,0,0.0,0
632812604,132,1,0.007575757575757576,867613
632812605,148,0,0.0,0
632812606,113,0,0.0,0
632812607,152,0,0.0,0
632812608,130,0,0.0,0
632812609,141,0,0.0,0
632812610,131,0,0.0,0
632812611,134,0,0.0,0
632812612,132,0,0.0,0
632812613,151,0,0.0,0
632812614,157,0,0.0,0
632812615,148,0,0.0,0
632812616,160,0,0.0,0
632812617,147,0,0.0,0
632812618,152,0,0.0,0
632812619,140,0,0.0,0
632812620,135,0,0.0,0
632812621,141,0,0.0,0
632812622,145,0,0.0,0
632812623,150,1,0.006666666666666667,817691
632812624,123,1,0.008130081300813009,633441
632812625,142,0,0.0,0
632812626,153,0,0.0,0
632812627,163,0,0.0,0
632812628,147,0,0.0,0
632812629,131,0,0.0,0
632812630,137,0,0.0,0
632812631,139,0,0.0,0
632812632,149,0,0.0,0
632812633,147,0,0.0,0
632812634,129,0,0.0,0
632812635,133,0,0.0,0
632812636,120,0,0.0,0
632812637,137,1,0.0072992700729927005,763207
632812801,129,0,0.0,0
632812802,121,0,0.0,0
632812803,146,0,0.0,0
632812804,134,0,0.0,0
632812805,139,0,0.0,0
632812806,152,0,0.0,0
632812807,156,0,0.0,0
632812808,128,0,0.0,0
632812809,145,0,0.0,0
632812810,140,0,0.0,0
632812811,145,0,0.0,0
632812812,150,0,0.0,0
632812813,158,0,0.0,0
632812901,183,0,0.0,0
632812902,171,0,0.0,0
632812904,197,0,0.0,0
632812905,207,0,0.0,0
632812906,168,0,0.0,0
632812907,169,0,0.0,0
632812908,179,0,0.0,0
632812909,193,0,0.0,0
632812910,183,0,0.0,0
632812911,210,0,0.0,0
632812912,172,0,0.0,0
632812913,187,0,0.0,0
632813101,142,0,0.0,0
632813102,158,0,0.0,0
632813103,118,0,0.0,0
632813104,141,0,0.0,0
632813105,122,0,0.0,0
632813106,126,0,0.0,0
632813201,135,0,0.0,0
632813202,132,0,0.0,0
632813203,118,0,0.0,0
632813204,137,0,0.0,0
632813205,126,0,0.0,0
632813206,127,0,0.0,0
632813207,139,0,0.0,0
632813208,144,0,0.0,0
632813209,132,0,0.0,0
632813210,135,0,0.0,0
632813211,137,0,0.0,0
632813212,149,0,0.0,0
632813213,160,0,0.0,0
632813214,119,0,0.0,0
632813215,130,0,0.0,0
632813216,145,0,0.0,0
632813217,144,0,0.0,0
632813218,118,0,0.0,0
632813219,149,0,0.0,0
632813220,141,0,0.0,0
632813221,122,0,0.0,0
632813222,132,0,0.0,0
632813223,135,0,0.0,0
632813224,136,0,0.0,0
632813225,110,0,0.0,0
632813226,145,0,0.0,0
632813227,143,0,0.0,0
632813228,150,0,0.0,0
632813229,142,0,0.0,0
632813230,138,0,0.0,0
632813231,123,0,0.0,0
632813232,138,0,0.0,0
632813233,129,0,0.0,0
632813234,132,0,0.0,0
632813235,144,0,0.0,0
632813236,116,0,0.0,0
632813237,136,0,0.0,0
632813238,135,0,0.0,0
632813239,137,0,0.0,0
632813240,144,0,0.0,0
632813241,133,0,0.0,0
632813242,145,0,0.0,0
632813243,145,0,0.0,0
632813244,151,0,0.0,0
632813245,142,0,0.0,0
632813246,141,0,0.0,0
632813247,128,0,0.0,0
632813248,138,0,0.0,0
632813249,141,0,0.0,0
632813250,144,0,0.0,0
632813251,152,0,0.0,0
632813252,155,0,0.0,0
632813253,149,0,0.0,0
632813254,168,0,0.0,0
632813255,133,0,0.0,0
632813256,138,0,0.0,0
632813257,121,0,0.0,0
632813258,164,0,0.0,0
632813259,146,0,0.0,0
632813260,148,0,0.0,0
632813261,132,0,0.0,0
632813262,153,0,0.0,0
632813263,148,0,0.0,0
632813264,148,0,0.0,0
632813265,143,0,0.0,0
632813266,162,0,0.0,0
632813267,165,0,0.0,0
632813268,164,0,0.0,0
632813269,150,0,0.0,0
632813270,163,0,0.0,0
632813271,143,0,0.0,0
632813272,130,0,0.0,0
632813273,128,0,0.0,0
632813274,138,0,0.0,0
632813275,154,0,0.0,0
632813276,129,0,0.0,0
632813277,175,0,0.0,0
632813278,125,0,0.0,0
632813279,173,0,0.0,0
632813280,148,0,0.0,0
632813281,150,0,0.0,0
632813282,148,0,0.0,0
632813283,141,0,0.0,0
632813284,151,0,0.0,0
632813285,136,0,0.0,0
632813286,129,0,0.0,0
632813287,153,1,0.006535947712418301,788847
632813288,179,1,0.00558659217877095,845192
632813289,139,0,0.0,0
632813290,161,0,0.0,0
632813291,145,0,0.0,0
632813292,137,0,0.0,0
632813293,165,0,0.0,0
632813294,147,0,0.0,0
632813295,168,0,0.0,0
632813296,144,0,0.0,0
632813297,128,0,0.0,0
632813298,139,0,0.0,0
632813299,157,0,0.0,0
632813300,134,0,0.0,0
632813301,165,0,0.0,0
632813302,144,0,0.0,0
632813303,172,0,0.0,0
632813304,148,0,0.0,0
632813305,148,0,0.0,0
632813306,148,0,0.0,0
632813307,132,0,0.0,0
632813308,146,0,0.0,0
632813309,158,0,0.0,0
632813310,164,0,0.0,0
632813311,170,0,0.0,0
632813312,158,0,0.0,0
632813313,165,0,0.0,0
632813314,170,0,0.0,0
632813315,154,1,0.006493506493506494,861676
632813316,160,0,0.0,0
632813317,142,0,0.0,0
632813318,154,0,0.0,0
632813319,141,0,0.0,0
632813320,151,0,0.0,0
632813321,123,0,0.0,0
632813322,165,0,0.0,0
632813323,142,0,0.0,0
632813324,142,0,0.0,0
632813325,178,0,0.0,0
632813326,176,0,0.0,0
632813327,177,0,0.0,0
632813328,174,0,0.0,0
632813329,156,0,0.0,0
632813330,158,0,0.0,0
632813331,168,0,0.0,0
632813332,142,0,0.0,0
632813333,150,0,0.0,0
632813334,192,0,0.0,0
632813335,175,0,0.0,0
632813336,168,0,0.0,0
632813337,152,0,0.0,0
632813338,189,0,0.0,0
632813339,167,0,0.0,0
632813340,151,0,0.0,0
632813341,171,0,0.0,0
632813342,173,0,0.0,0
632813343,177,0,0.0,0
632813344,188,0,0.0,0
632813345,182,0,0.0,0
632813346,179,0,0.0,0
632813347,179,0,0.0,0
632813348,182,0,0.0,0
632813349,169,0,0.0,0
632813350,167,0,0.0,0
632813351,187,0,0.0,0
632813352,167,0,0.0,0
632813353,171,0,0.0,0
632813354,161,0,0.0,0
632813355,173,0,0.0,0
632813356,162,0,0.0,0
632813357,180,0,0.0,0
632813358,169,0,0.0,0
632813359,181,0,0.0,0
632813360,161,0,0.0,0
632813361,164,0,0.0,0
632813362,166,1,0.006024096385542169,454579
632813363,170,0,0.0,0
632813364,168,0,0.0,0
632813365,170,0,0.0,0
632813366,159,0,0.0,0
632813367,190,0,0.0,0
632813368,163,0,0.0,0
632813369,183,0,0.0,0
632813370,150,0,0.0,0
632813371,171,0,0.0,0
632813372,161,0,0.0,0
632813373,176,0,0.0,0
632813374,170,0,0.0,0
632813375,177,0,0.0,0
632813376,159,0,0.0,0
632813377,167,0,0.0,0
632813378,170,0,0.0,0
632813379,172,0,0.0,0
632813380,193,0,0.0,0
632813381,165,0,0.0,0
632813382,158,0,0.0,0
632813383,186,0,0.0,0
632813384,162,0,0.0,0
632813385,179,0,0.0,0
632813386,205,0,0.0,0
632813387,196,0,0.0,0
632813388,165,0,0.0,0
632813389,166,0,0.0,0
632813390,176,0,0.0,0
632813391,169,0,0.0,0
632813392,151,0,0.0,0
632813393,200,0,0.0,0
632813394,155,0,0.0,0
632813395,194,0,0.0,0
632813396,150,0,0.0,0
632813397,153,0,0.0,0
632813398,147,0,0.0,0
632813399,150,0,0.0,0
632813400,153,1,0.006535947712418301,895192
632813401,157,0,0.0,0
632813402,164,1,0.006097560975609756,797035
632813403,171,0,0.0,0
632813404,140,0,0.0,0
632813405,130,0,0.0,0
632813406,135,0,0.0,0
632813407,146,0,0.0,0
632813408,139,1,0.007194244604316547,855630
632813409,148,0,0.0,0
632813410,136,0,0.0,0
632813411,139,0,0.0,0
632813412,145,0,0.0,0
632813413,146,0,0.0,0
632813414,169,0,0.0,0
632813415,161,0,0.0,0
632813416,142,0,0.0,0
632813417,147,0,0.0,0
632813418,145,0,0.0,0
632813419,148,0,0.0,0
632813420,146,0,0.0,0
632813421,154,0,0.0,0
632813422,138,1,0.007246376811594203,880363
632813801,160,1,0.00625,786708
632813802,163,0,0.0,0
632813803,148,0,0.0,0
632813804,156,0,0.0,0
632813805,154,0,0.0,0
632813806,173,0,0.0,0
632813901,170,0,0.0,0
632813903,189,0,0.0,0
632813904,160,0,0.0,0
632813914,187,0,0.0,0
632813915,169,0,0.0,0
632814101,142,0,0.0,0
632814102,130,0,0.0,0
632814103,131,1,0.007633587786259542,839997
632814104,139,0,0.0,0
632814105,134,0,0.0,0
632814106,129,0,0.0,0
632814107,168,0,0.0,0
632814108,138,0,0.0,0
632814109,144,0,0.0,0
632814110,147,0,0.0,0
632814111,154,0,0.0,0
632814112,144,0,0.0,0
632814201,132,0,0.0,0
632814202,154,0,0.0,0
632814203,150,0,0.0,0
632814204,137,0,0.0,0
632814205,139,0,0.0,0
632814206,112,0,0.0,0
632814207,155,0,0.0,0
632814208,144,0,0.0,0
632814209,131,0,0.0,0
632814210,131,0,0.0,0
632814211,128,0,0.0,0
632814212,142,0,0.0,0
632814213,146,0,0.0,0
632814214,135,0,0.0,0
632814215,146,0,0.0,0
632814216,154,0,0.0,0
632814217,165,0,0.0,0
632814218,134,0,0.0,0
632814219,131,0,0.0,0
632814220,156,0,0.0,0
632814221,136,0,0.0,0
632814222,140,0,0.0,0
632814223,148,0,0.0,0
632814224,125,0,0.0,0
632814225,135,0,0.0,0
632814226,144,0,0.0,0
632814227,133,0,0.0,0
632814228,130,0,0.0,0
632814229,125,0,0.0,0
632814230,155,0,0.0,0
632814231,142,0,0.0,0
632814232,134,0,0.0,0
632814233,148,0,0.0,0
632814234,126,0,0.0,0
632814235,127,0,0.0,0
632814236,143,0,0.0,0
632814237,160,0,0.0,0
632814238,127,0,0.0,0
632814239,159,1,0.006289308176100629,832747
632814240,162,0,0.0,0
632814241,137,0,0.0,0
632814242,120,0,0.0,0
632814243,135,0,0.0,0
632814244,143,0,0.0,0
632814245,120,0,0.0,0
632814246,159,0,0.0,0
632814247,121,0,0.0,0
632814248,133,0,0.0,0
632814249,139,0,0.0,0
632814250,137,0,0.0,0
632814251,147,0,0.0,0
632814252,152,0,0.0,0
632814253,134,0,0.0,0
632814254,127,0,0.0,0
632814255,159,0,0.0,0
632814256,152,0,0.0,0
632814257,143,1,0.006993006993006993,893669
632814258,143,0,0.0,0
632814259,125,0,0.0,0
632814260,145,0,0.0,0
632814261,155,0,0.0,0
632814262,148,0,0.0,0
632814263,131,0,0.0,0
632814264,141,1,0.0070921985815602835,759106
632814265,153,0,0.0,0
632814266,162,0,0.0,0
632814267,130,0,0.0,0
632814268,152,0,0.0,0
632814269,134,0,0.0,0
632814270,135,0,0.0,0
632814271,126,0,0.0,0
632814272,137,0,0.0,0
632814273,138,0,0.0,0
632814274,141,0,0.0,0
632814275,140,0,0.0,0
632814276,150,0,0.0,0
632814277,140,0,0.0,0
632814278,133,0,0.0,0
632814279,125,0,0.0,0
632814280,152,0,0.0,0
632814281,138,0,0.0,0
632814282,124,0,0.0,0
632814283,136,0,0.0,0
632814284,124,0,0.0,0
632814285,153,0,0.0,0
632814286,140,0,0.0,0
632814287,125,0,0.0,0
632814288,136,0,0.0,0
632814289,143,0,0.0,0
632814290,124,0,0.0,0
632814291,156,0,0.0,0
632814292,143,1,0.006993006993006993,752747
632814293,160,0,0.0,0
632814294,155,0,0.0,0
632814295,151,0,0.0,0
632814296,140,0,0.0,0
632814297,138,0,0.0,0
632814298,159,0,0.0,0
632814299,130,0,0.0,0
632814300,131,0,0.0,0
632814301,139,0,0.0,0
632814302,135,0,0.0,0
632814303,148,0,0.0,0
632814304,144,0,0.0,0
632814305,151,0,0.0,0
632814306,151,0,0.0,0
632814307,126,0,0.0,0
632814308,140,0,0.0,0
632814309,142,0,0.0,0
632814310,129,1,0.007751937984496124,877403
632814311,140,0,0.0,0
632814312,133,0,0.0,0
632814313,127,0,0.0,0
632814314,128,0,0.0,0
632814315,125,0,0.0,0
632814316,145,0,0.0,0
632814317,162,0,0.0,0
632814318,153,0,0.0,0
632814319,151,0,0.0,0
632814320,136,0,0.0,0
632814321,126,0,0.0,0
632814322,158,0,0.0,0
632814323,175,0,0.0,0
632814324,155,0,0.0,0
632814325,147,0,0.0,0
632814326,163,0,0.0,0
632814327,133,0,0.0,0
632814328,142,0,0.0,0
632814329,155,0,0.0,0
632814330,156,0,0.0,0
632814331,157,0,0.0,0
632814332,134,0,0.0,0
632814333,120,0,0.0,0
632814334,148,0,0.0,0
632814335,134,0,0.0,0
632814336,168,0,0.0,0
632814337,135,0,0.0,0
632814338,135,0,0.0,0
632814339,150,0,0.0,0
632814340,139,0,0.0,0
632814341,125,0,0.0,0
632814342,141,0,0.0,0
632814343,130,0,0.0,0
632814344,139,0,0.0,0
632814345,134,0,0.0,0
632814346,141,0,0.0,0
632814347,142,0,0.0,0
632814348,149,0,0.0,0
632814349,133,0,0.0,0
632814350,136,0,0.0,0
632814351,165,0,0.0,0
632814352,148,0,0.0,0
632814353,133,0,0.0,0
632814354,151,0,0.0,0
632814355,149,0,0.0,0
632814356,133,0,0.0,0
632814357,165,0,0.0,0
632814358,145,0,0.0,0
632814359,125,0,0.0,0
632814360,133,0,0.0,0
632814361,143,0,0.0,0
632814362,131,0,0.0,0
632814363,131,0,0.0,0
632814364,139,0,0.0,0
632814365,126,0,0.0,0
632814366,134,0,0.0,0
632814367,157,0,0.0,0
632814368,128,0,0.0,0
632814369,130,0,0.0,0
632814370,160,0,0.0,0
632814371,154,0,0.0,0
632814372,155,0,0.0,0
632814373,169,0,0.0,0
632814374,161,0,0.0,0
632814375,136,0,0.0,0
632814376,142,0,0.0,0
632814377,133,0,0.0,0
632814378,150,0,0.0,0
632814379,139,0,0.0,0
632814380,144,1,0.006944444444444444,779450
632814381,128,0,0.0,0
632814382,145,0,0.0,0
632814383,133,0,0.0,0
632814384,149,0,0.0,0
632814385,153,0,0.0,0
632814386,120,0,0.0,0
632814387,129,0,0.0,0
632814388,139,0,0.0,0
632814389,126,0,0.0,0
632814390,154,0,0.0,0
632814391,162,0,0.0,0
632814392,132,0,0.0,0
632814393,140,0,0.0,0
632814394,125,0,0.0,0
632814395,149,0,0.0,0
632814396,142,0,0.0,0
632814397,154,0,0.0,0
632814398,139,0,0.0,0
632814399,141,0,0.0,0
632814400,138,0,0.0,0
632814401,149,0,0.0,0
632814402,122,0,0.0,0
632814403,140,0,0.0,0
632814404,157,0,0.0,0
632814405,145,0,0.0,0
632814406,145,0,0.0,0
632814407,147,0,0.0,0
632814408,145,0,0.0,0
632814409,130,0,0.0,0
632814410,142,0,0.0,0
632814411,130,0,0.0,0
632814412,129,0,0.0,0
632814413,135,0,0.0,0
632814414,159,0,0.0,0
632814415,139,0,0.0,0
632814416,138,0,0.0,0
632814417,146,0,0.0,0
632814418,114,0,0.0,0
632814419,140,0,0.0,0
632814420,140,0,0.0,0
632814421,158,0,0.0,0
632814422,144,0,0.0,0
632814423,124,0,0.0,0
632814424,155,0,0.0,0
632814425,150,0,0.0,0
632814426,139,0,0.0,0
632814427,152,1,0.006578947368421052,886075
632814428,125,0,0.0,0
632814429,149,0,0.0,0
632814430,146,0,0.0,0
632814431,147,0,0.0,0
632814432,146,0,0.0,0
632814433,127,0,0.0,0
632814434,152,0,0.0,0
632814435,152,0,0.0,0
632814436,139,0,0.0,0
632814437,106,0,0.0,0
632814438,162,0,0.0,0
632814439,131,0,0.0,0
632814440,146,0,0.0,0
632814441,134,0,0.0,0
632814442,146,0,0.0,0
632814443,124,0,0.0,0
632814444,126,0,0.0,0
632814445,123,0,0.0,0
632814446,147,0,0.0,0
632814447,142,0,0.0,0
632814448,153,0,0.0,0
632814449,131,0,0.0,0
632814450,109,0,0.0,0
632814451,137,0,0.0,0
632814452,134,0,0.0,0
632814453,139,0,0.0,0
632814454,153,0,0.0,0
632814455,141,0,0.0,0
632814456,133,0,0.0,0
632814457,131,0,0.0,0
632814458,134,0,0.0,0
632814459,133,0,0.0,0
632814460,113,0,0.0,0
632814461,162,0,0.0,0
632814462,158,0,0.0,0
632814463,139,0,0.0,0
632814464,134,0,0.0,0
632814465,128,0,0.0,0
632814466,145,0,0.0,0
632814467,143,0,0.0,0
632814468,140,0,0.0,0
632814469,142,0,0.0,0
632814470,141,0,0.0,0
632814471,156,0,0.0,0
632814472,138,0,0.0,0
632814473,130,0,0.0,0
632814474,141,0,0.0,0
632814475,121,0,0.0,0
632814476,149,0,0.0,0
632814477,123,0,0.0,0
632814478,154,0,0.0,0
632814479,141,0,0.0,0
632814480,143,0,0.0,0
632814481,142,1,0.007042253521126761,874059
632814482,134,0,0.0,0
632814483,143,0,0.0,0
632814484,134,0,0.0,0
632814485,147,0,0.0,0
632814486,149,0,0.0,0
632814487,147,0,0.0,0
632814488,158,1,0.006329113924050633,787090
632814489,138,0,0.0,0
632814490,146,0,0.0,0
632814491,122,0,0.0,0
632814492,136,0,0.0,0
632814493,153,0,0.0,0
632814494,138,0,0.0,0
632814495,142,1,0.007042253521126761,833981
632814496,135,0,0.0,0
632814497,141,0,0.0,0
632814498,175,0,0.0,0
632814499,140,0,0.0,0
632814500,150,0,0.0,0
632814501,158,0,0.0,0
632814502,137,0,0.0,0
632814503,146,0,0.0,0
632814504,122,0,0.0,0
632814505,142,0,0.0,0
632814506,139,0,0.0,0
632814507,134,0,0.0,0
632814508,124,0,0.0,0
632814509,134,0,0.0,0
632814510,137,0,0.0,0
632814511,133,0,0.0,0
632814512,165,0,0.0,0
632814513,125,0,0.0,0
632814514,131,0,0.0,0
632814515,141,0,0.0,0
632814516,150,0,0.0,0
632814517,131,0,0.0,0
632814518,166,0,0.0,0
632814519,152,0,0.0,0
632814520,149,0,0.0,0
632814521,117,0,0.0,0
632814522,147,0,0.0,0
632814523,143,1,0.006993006993006993,873481
632814524,147,0,0.0,0
632814525,142,0,0.0,0
632814526,137,0,0.0,0
632814527,158,0,0.0,0
632814528,135,0,0.0,0
632814529,129,0,0.0,0
632814530,143,0,0.0,0
632814531,137,0,0.0,0
632814532,134,0,0.0,0
632814533,134,0,0.0,0
632814534,162,0,0.0,0
632814535,135,0,0.0,0
632814536,144,0,0.0,0
632814537,130,0,0.0,0
632814538,154,0,0.0,0
632814539,133,0,0.0,0
632814540,152,0,0.0,0
632814541,119,0,0.0,0
632814542,142,0,0.0,0
632814543,130,1,0.007692307692307693,728887
632814544,123,0,0.0,0
632814545,128,1,0.0078125,802778
632814546,150,0,0.0,0
632814547,160,0,0.0,0
632814548,148,0,0.0,0
632814549,147,0,0.0,0
632814550,135,0,0.0,0
632814551,152,0,0.0,0
632814552,155,0,0.0,0
632814553,140,0,0.0,0
632814554,137,0,0.0,0
632814555,135,0,0.0,0
632814556,139,0,0.0,0
632814557,139,0,0.0,0
632814558,141,0,0.0,0
632814559,160,1,0.00625,802794
632814560,135,0,0.0,0
632814561,140,0,0.0,0
632814562,148,0,0.0,0
632814563,141,0,0.0,0
632814564,157,0,0.0,0
632814565,136,0,0.0,0
632814566,151,0,0.0,0
632814567,149,0,0.0,0
632814568,135,0,0.0,0
632814569,128,0,0.0,0
632814570,136,0,0.0,0
632814571,142,0,0.0,0
632814572,142,0,0.0,0
632814573,151,0,0.0,0
632814574,151,0,0.0,0
632814575,147,0,0.0,0
632814576,137,0,0.0,0
632814577,151,0,0.0,0
632814578,123,0,0.0,0
632814579,157,0,0.0,0
632814580,137,0,0.0,0
632814581,134,0,0.0,0
632814582,164,0,0.0,0
632814583,150,0,0.0,0
632814584,137,0,0.0,0
632814585,136,0,0.0,0
632814586,148,0,0.0,0
632814587,134,0,0.0,0
632814588,137,0,0.0,0
632814589,144,0,0.0,0
632814590,148,0,0.0,0
632814591,136,0,0.0,0
632814592,145,0,0.0,0
632814593,135,0,0.0,0
632814594,134,0,0.0,0
632814595,160,1,0.00625,849637
632814596,133,0,0.0,0
632814597,152,0,0.0,0
632814598,129,0,0.0,0
632814801,135,0,0.0,0
632814802,156,0,0.0,0
632814803,139,1,0.007194244604316547,900497
632814804,150,0,0.0,0
632814805,130,0,0.0,0
632814806,123,0,0.0,0
632814807,117,0,0.0,0
632814808,163,0,0.0,0
632814809,141,0,0.0,0
632814810,141,0,0.0,0
632814811,137,0,0.0,0
632814812,147,0,0.0,0
632814901,200,0,0.0,0
632814902,181,0,0.0,0
632814903,179,0,0.0,0
632814904,176,0,0.0,0
632814905,191,0,0.0,0
632814906,179,0,0.0,0
632814907,183,0,0.0,0
632814908,183,0,0.0,0
632814909,162,0,0.0,0
632814910,197,0,0.0,0
632814911,197,0,0.0,0
632815101,174,0,0.0,0
632815102,185,0,0.0,0
632815103,165,0,0.0,0
632815104,191,1,0.005235602094240838,889993
632815105,180,0,0.0,0
632815106,200,0,0.0,0
632815107,163,0,0.0,0
632815108,187,0,0.0,0
632815109,199,0,0.0,0
632815110,200,0,0.0,0
632815111,172,0,0.0,0
632815112,176,0,0.0,0
632815113,173,0,0.0,0
632815114,178,0,0.0,0
632815115,187,0,0.0,0
632815116,175,0,0.0,0
632815117,191,0,0.0,0
632815118,185,0,0.0,0
632815119,186,0,0.0,0
632815120,197,1,0.005076142131979695,981828
632815121,195,0,0.0,0
632815122,188,0,0.0,0
632815123,176,0,0.0,0
632815124,177,0,0.0,0
632815125,172,0,0.0,0
632815126,168,0,0.0,0
632815127,190,0,0.0,0
632815128,172,1,0.005813953488372093,830066
632815129,183,0,0.0,0
632815130,183,0,0.0,0
632815131,174,0,0.0,0
632815132,198,0,0.0,0
632815133,167,0,0.0,0
632815134,197,0,0.0,0
632815135,182,0,0.0,0
632815136,198,0,0.0,0
632815137,185,0,0.0,0
632815138,197,0,0.0,0
632815139,193,0,0.0,0
632815140,164,0,0.0,0
632815141,168,0,0.0,0
632815142,190,0,0.0,0
632815143,181,0,0.0,0
632815144,176,0,0.0,0
632815145,214,0,0.0,0
632815146,196,0,0.0,0
632815147,166,0,0.0,0
632815148,193,0,0.0,0
632815149,174,0,0.0,0
632815150,174,0,0.0,0
632815151,182,1,0.005494505494505495,737856
632815152,168,0,0.0,0
632815153,203,0,0.0,0
632815154,185,0,0.0,0
632815155,175,0,0.0,0
632815156,164,0,0.0,0
632815157,202,0,0.0,0
632815158,179,0,0.0,0
632815159,176,0,0.0,0
632815160,211,0,0.0,0
632815161,197,0,0.0,0
632815162,186,0,0.0,0
632815163,205,0,0.0,0
632815164,192,0,0.0,0
632815165,191,0,0.0,0
632815166,204,0,0.0,0
632815167,187,0,0.0,0
632815168,193,0,0.0,0
632815169,216,0,0.0,0
632815170,176,0,0.0,0
632815171,183,0,0.0,0
632815172,170,0,0.0,0
632815173,208,0,0.0,0
632815174,169,1,0.005917159763313609,692149
632815175,160,0,0.0,0
632815176,181,0,0.0,0
632815177,190,0,0.0,0
632815178,189,0,0.0,0
632815179,186,0,0.0,0
632815180,193,0,0.0,0
632815181,171,0,0.0,0
632815182,166,0,0.0,0
632815183,176,0,0.0,0
632815184,159,0,0.0,0
632815185,189,0,0.0,0
632815186,196,0,0.0,0
632815187,188,0,0.0,0
632815188,177,0,0.0,0
632815189,162,0,0.0,0
632815190,181,0,0.0,0
632815191,185,0,0.0,0
632815192,180,0,0.0,0
632815193,186,0,0.0,0
632815194,197,0,0.0,0
632815195,182,0,0.0,0
632815196,187,0,0.0,0
632815197,187,0,0.0,0
632815198,176,0,0.0,0
632815199,180,0,0.0,0
632815200,187,0,0.0,0
632815201,191,0,0.0,0
632815202,194,0,0.0,0
632815203,206,0,0.0,0
632815204,202,0,0.0,0
632815205,180,0,0.0,0
632815206,174,0,0.0,0
632815207,191,0,0.0,0
632815208,187,0,0.0,0
632815209,178,0,0.0,0
632815210,166,0,0.0,0
632815211,201,0,0.0,0
632815212,182,0,0.0,0
632815213,185,0,0.0,0
632815214,199,0,0.0,0
632815215,181,0,0.0,0
632815216,176,0,0.0,0
632815217,177,0,0.0,0
632815218,194,0,0.0,0
632815219,186,1,0.005376344086021506,881211
632815220,179,0,0.0,0
632815221,193,0,0.0,0
632815222,180,0,0.0,0
632815223,188,0,0.0,0
632815224,213,0,0.0,0
632815225,153,0,0.0,0
632815226,187,0,0.0,0
632815227,165,0,0.0,0
632815228,198,0,0.0,0
632815229,176,0,0.0,0
632815230,183,0,0.0,0
632815231,174,0,0.0,0
632815232,182,0,0.0,0
632815233,186,0,0.0,0
632815234,170,0,0.0,0
632815235,180,0,0.0,0
632815236,204,0,0.0,0
632815237,184,0,0.0,0
632815238,150,0,0.0,0
632815239,192,0,0.0,0
632815240,184,0,0.0,0
632815241,169,0,0.0,0
632815242,189,0,0.0,0
632815243,191,0,0.0,0
632815244,196,0,0.0,0
632815245,197,0,0.0,0
632815246,175,0,0.0,0
632815247,173,0,0.0,0
632815248,191,0,0.0,0
632815249,200,0,0.0,0
632815250,201,0,0.0,0
632815251,177,0,0.0,0
632815252,189,0,0.0,0
632815253,188,0,0.0,0
632815254,176,0,0.0,0
632815255,173,0,0.0,0
632815256,189,0,0.0,0
632815257,173,0,0.0,0
632815258,162,0,0.0,0
632815259,158,0,0.0,0
632815260,201,0,0.0,0
632815261,182,0,0.0,0
632815262,195,0,0.0,0
632815263,185,0,0.0,0
632815264,172,0,0.0,0
632815265,215,0,0.0,0
632815266,198,0,0.0,0
632815267,178,0,0.0,0
632815268,199,0,0.0,0
632815269,180,0,0.0,0
632815270,190,0,0.0,0
632815271,188,0,0.0,0
632815272,188,0,0.0,0
632815273,201,0,0.0,0
632815274,185,0,0.0,0
632815275,178,0,0.0,0
632815276,193,1,0.0051813471502590676,864585
632815277,204,0,0.0,0
632815278,176,0,0.0,0
632815279,185,0,0.0,0
632815280,170,0,0.0,0
632815281,172,0,0.0,0
632815282,194,0,0.0,0
632815283,192,0,0.0,0
632815284,185,0,0.0,0
632815285,190,0,0.0,0
632815286,196,0,0.0,0
632815287,195,0,0.0,0
632815288,182,0,0.0,0
632815289,205,0,0.0,0
632815290,177,0,0.0,0
632815291,170,0,0.0,0
632815292,187,0,0.0,0
632815293,204,0,0.0,0
632815294,181,0,0.0,0
632815295,181,0,0.0,0
632815296,161,0,0.0,0
632815297,206,0,0.0,0
632815298,181,0,0.0,0
632815299,197,1,0.005076142131979695,889993
632815300,177,0,0.0,0
632815301,204,0,0.0,0
632815302,207,0,0.0,0
632815303,184,0,0.0,0
632815304,206,0,0.0,0
632815305,205,0,0.0,0
632815306,185,0,0.0,0
632815307,191,0,0.0,0
632815308,166,1,0.006024096385542169,814018
632815309,177,0,0.0,0
632815310,194,0,0.0,0
632815311,170,0,0.0,0
632815312,175,0,0.0,0
632815313,174,0,0.0,0
632815314,197,0,0.0,0
632815315,209,0,0.0,0
632815316,195,0,0.0,0
632815317,204,0,0.0,0
632815318,184,0,0.0,0
632815319,169,0,0.0,0
632815320,183,0,0.0,0
632815321,191,1,0.005235602094240838,876320
632815322,179,0,0.0,0
632815323,175,0,0.0,0
632815324,179,0,0.0,0
632815325,183,0,0.0,0
632815326,188,0,0.0,0
632815327,191,0,0.0,0
632815328,172,0,0.0,0
632815329,184,0,0.0,0
632815330,201,0,0.0,0
632815331,183,0,0.0,0
632815332,171,0,0.0,0
632815333,156,0,0.0,0
632815334,201,0,0.0,0
632815335,216,1,0.004629629629629629,880398
632815336,183,0,0.0,0
632815337,172,0,0.0,0
632815338,198,0,0.0,0
632815339,182,0,0.0,0
632815340,170,0,0.0,0
632815341,192,0,0.0,0
632815342,189,0,0.0,0
632815343,176,0,0.0,0
632815344,193,0,0.0,0
632815345,183,0,0.0,0
632815346,181,0,0.0,0
632815347,202,0,0.0,0
632815348,158,0,0.0,0
632815349,182,0,0.0,0
632815350,227,0,0.0,0
632815351,180,0,0.0,0
632815352,188,0,0.0,0
632815353,172,0,0.0,0
632815354,189,0,0.0,0
632815355,183,0,0.0,0
632815356,186,0,0.0,0
632815357,207,0,0.0,0
632815358,198,1,0.005050505050505051,875523
632815359,176,0,0.0,0
632815360,178,0,0.0,0
632815361,204,0,0.0,0
632815362,205,0,0.0,0
632815363,208,0,0.0,0
632815364,194,0,0.0,0
632815365,194,0,0.0,0
632815366,187,0,0.0,0
632815367,187,0,0.0,0
632815368,188,0,0.0,0
632815369,205,0,0.0,0
632815370,185,0,0.0,0
632815371,164,0,0.0,0
632815372,167,0,0.0,0
632815373,192,0,0.0,0
632815374,160,1,0.00625,575249
632815375,181,0,0.0,0
632815376,187,0,0.0,0
632815377,182,0,0.0,0
632815378,183,0,0.0,0
632815379,173,0,0.0,0
632815380,201,0,0.0,0
632815381,160,0,0.0,0
632815382,180,0,0.0,0
632815383,180,0,0.0,0
632815384,164,0,0.0,0
632815385,182,0,0.0,0
632815386,189,0,0.0,0
632815387,189,0,0.0,0
632815388,176,1,0.005681818181818182,967296
632815389,166,1,0.006024096385542169,753529
632815390,198,0,0.0,0
632815391,179,0,0.0,0
632815392,208,0,0.0,0
632815393,167,0,0.0,0
632815394,179,0,0.0,0
632815395,197,0,0.0,0
632815396,177,0,0.0,0
632815397,196,0,0.0,0
632815398,212,0,0.0,0
632815399,184,0,0.0,0
632815400,163,0,0.0,0
632815401,183,0,0.0,0
632815402,154,0,0.0,0
632815403,155,0,0.0,0
632815404,175,0,0.0,0
632815405,179,1,0.00558659217877095,955107
632815406,149,0,0.0,0
632815407,165,0,0.0,0
632815408,177,1,0.005649717514124294,723198
632815409,154,0,0.0,0
632815410,155,0,0.0,0
632815411,153,0,0.0,0
632815412,163,0,0.0,0
632815413,175,0,0.0,0
632815414,155,0,0.0,0
632815415,143,1,0.006993006993006993,973124
632815416,146,2,0.0136986301369863,1875258
632815417,157,0,0.0,0
632815418,165,0,0.0,0
632815419,173,0,0.0,0
632815420,140,0,0.0,0
632815421,165,0,0.0,0
632815422,157,0,0.0,0
632815423,161,0,0.0,0
632815424,150,1,0.006666666666666667,896181
632815425,153,1,0.006535947712418301,849380
632815426,158,0,0.0,0
632815427,133,0,0.0,0
632815428,145,0,0.0,0
632815429,155,0,0.0,0
632815430,157,0,0.0,0
632815431,169,0,0.0,0
632815432,143,0,0.0,0
632815433,167,0,0.0,0
632815434,156,0,0.0,0
632815435,151,0,0.0,0
632815436,154,0,0.0,0
632815437,158,0,0.0,0
632815438,143,0,0.0,0
632815439,159,0,0.0,0
632815440,164,0,0.0,0
632815441,194,0,0.0,0
632815442,144,0,0.0,0
632815443,140,0,0.0,0
632815444,166,0,0.0,0
632815445,155,0,0.0,0
632815446,153,0,0.0,0
632815447,153,0,0.0,0
632815448,153,1,0.006535947712418301,669257
632815449,157,0,0.0,0
632815450,158,0,0.0,0
632815451,165,0,0.0,0
632815452,156,0,0.0,0
632815453,192,0,0.0,0
632815454,196,0,0.0,0
632815455,200,0,0.0,0
632815456,172,1,0.005813953488372093,636379
632815457,176,0,0.0,0
632815458,169,0,0.0,0
632815459,185,0,0.0,0
632815460,150,1,0.006666666666666667,799173
632815461,171,0,0.0,0
632815462,196,0,0.0,0
632815463,200,1,0.005,875647
632815464,154,0,0.0,0
632815465,178,0,0.0,0
632815466,181,0,0.0,0
632815467,176,0,0.0,0
632815468,191,1,0.005235602094240838,692196
632815469,177,0,0.0,0
632815470,179,0,0.0,0
632815471,196,0,0.0,0
632815472,174,0,0.0,0
632815473,207,0,0.0,0
632815474,186,0,0.0,0
632815475,185,0,0.0,0
632815476,182,0,0.0,0
632815477,189,0,0.0,0
632815478,171,0,0.0,0
632815479,171,0,0.0,0
632815480,177,0,0.0,0
632815481,200,0,0.0,0
632815482,163,0,0.0,0
632815483,180,0,0.0,0
632815484,184,0,0.0,0
632815485,176,0,0.0,0
632815486,192,0,0.0,0
632815487,211,0,0.0,0
632815488,193,0,0.0,0
632815489,170,0,0.0,0
632815490,203,0,0.0,0
632815491,175,0,0.0,0
632815492,196,0,0.0,0
632815493,183,0,0.0,0
632815494,207,0,0.0,0
632815495,176,0,0.0,0
632815496,171,0,0.0,0
632815497,169,0,0.0,0
632815498,191,0,0.0,0
632815499,202,0,0.0,0
632815500,194,0,0.0,0
632815501,178,0,0.0,0
632815502,204,0,0.0,0
632815503,194,0,0.0,0
632815504,177,0,0.0,0
632815505,187,0,0.0,0
632815506,188,0,0.0,0
632815507,213,0,0.0,0
632815508,209,0,0.0,0
632815509,167,0,0.0,0
632815510,189,0,0.0,0
632815511,185,0,0.0,0
632815512,190,0,0.0,0
632815513,185,0,0.0,0
632816002,168,0,0.0,0
632816003,151,0,0.0,0
632816004,141,0,0.0,0
632816005,156,0,0.0,0
632816007,144,0,0.0,0
632816008,147,0,0.0,0
632816009,165,0,0.0,0
632816010,167,0,0.0,0
632816011,203,0,0.0,0
632816012,166,0,0.0,0
632816013,152,0,0.0,0
632816014,152,0,0.0,0
632816015,138,0,0.0,0
632816017,155,0,0.0,0
632816018,152,0,0.0,0
632816019,173,0,0.0,0
632816020,157,0,0.0,0
632816021,163,1,0.006134969325153374,897376
632816022,162,0,0.0,0
632816023,167,0,0.0,0
632816024,151,0,0.0,0
632816025,145,0,0.0,0
632816027,145,0,0.0,0
632816028,155,0,0.0,0
632816029,147,0,0.0,0
632816030,143,0,0.0,0
632816031,159,0,0.0,0
632816032,167,0,0.0,0
632816033,160,0,0.0,0
632816034,158,0,0.0,0
632816035,134,0,0.0,0
632816037,159,0,0.0,0
632816038,137,0,0.0,0
632816039,157,0,0.0,0
632816040,162,0,0.0,0
632816041,150,0,0.0,0
632816042,163,1,0.006134969325153374,730673
632816043,173,0,0.0,0
632816044,164,0,0.0,0
632816045,193,0,0.0,0
632816047,147,0,0.0,0
632816048,161,0,0.0,0
632816049,130,0,0.0,0
632816050,136,0,0.0,0
632816051,148,0,0.0,0
632816052,172,0,0.0,0
632816053,187,0,0.0,0
632816054,170,0,0.0,0
632816055,133,0,0.0,0
632816057,156,1,0.00641025641025641,680204
632816058,138,0,0.0,0
632816059,174,0,0.0,0
632816060,163,0,0.0,0
632816061,159,0,0.0,0
632816062,142,0,0.0,0
632816063,143,0,0.0,0
632816064,149,0,0.0,0
632816065,148,0,0.0,0
632816067,152,0,0.0,0
632816068,166,0,0.0,0
632816069,155,0,0.0,0
632816070,163,0,0.0,0
632816071,156,0,0.0,0
632816072,164,0,0.0,0
632816073,155,0,0.0,0
632816074,143,0,0.0,0
632816075,146,1,0.00684931506849315,846845
632816077,156,0,0.0,0
632816078,146,0,0.0,0
632816079,148,0,0.0,0
632816080,177,0,0.0,0
632816081,152,0,0.0,0
632816082,149,0,0.0,0
632816083,180,0,0.0,0
632816084,158,0,0.0,0
632816085,147,1,0.006802721088435374,841564
632816087,145,0,0.0,0
632816088,164,0,0.0,0
632816089,154,0,0.0,0
632816090,153,0,0.0,0
632816091,161,0,0.0,0
632816092,183,0,0.0,0
632816093,137,0,0.0,0
632816094,164,0,0.0,0
632816095,151,0,0.0,0
632816097,149,0,0.0,0
632816098,146,0,0.0,0
632816099,159,0,0.0,0
632816100,160,0,0.0,0
632816101,157,0,0.0,0
632816102,159,0,0.0,0
632816103,168,0,0.0,0
632816104,148,0,0.0,0
632816105,169,0,0.0,0
632816107,153,0,0.0,0
632816108,166,0,0.0,0
632816109,166,0,0.0,0
632816110,150,0,0.0,0
632816111,140,0,0.0,0
632816112,163,0,0.0,0
632816113,143,0,0.0,0
632816114,167,0,0.0,0
632816115,159,0,0.0,0
632816117,163,0,0.0,0
632816118,159,0,0.0,0
632816119,160,0,0.0,0
632816120,155,0,0.0,0
632816121,157,0,0.0,0
632816122,137,0,0.0,0
632816123,151,0,0.0,0
632816124,160,0,0.0,0
632816125,137,0,0.0,0
632816127,145,0,0.0,0
632816128,153,0,0.0,0
632816129,143,0,0.0,0
632816130,159,0,0.0,0
632816131,138,0,0.0,0
632816132,158,0,0.0,0
632816133,164,0,0.0,0
632816134,165,0,0.0,0
632816135,166,0,0.0,0
632816137,158,0,0.0,0
632816138,170,1,0.0058823529411764705,901860
632816139,153,0,0.0,0
632816140,150,0,0.0,0
632816141,144,0,0.0,0
632816142,164,0,0.0,0
632816143,137,0,0.0,0
632816144,163,0,0.0,0
632816145,162,0,0.0,0
632816147,158,0,0.0,0
632816148,161,0,0.0,0
632816149,159,0,0.0,0
632816150,138,0,0.0,0
632816151,133,0,0.0,0
632816152,170,0,0.0,0
632816153,158,0,0.0,0
632816154,136,0,0.0,0
632816155,155,0,0.0,0
632816157,161,0,0.0,0
632816158,171,0,0.0,0
632816159,130,0,0.0,0
632816160,166,0,0.0,0
632816161,175,0,0.0,0
632816162,153,0,0.0,0
632816163,147,0,0.0,0
632816164,174,0,0.0,0
632816165,158,0,0.0,0
632816167,148,0,0.0,0
632816168,162,0,0.0,0
632816169,151,0,0.0,0
632816170,163,0,0.0,0
632816171,171,0,0.0,0
632816172,124,0,0.0,0
632816173,144,1,0.006944444444444444,882173
632816174,172,0,0.0,0
632816175,131,0,0.0,0
632816177,154,0,0.0,0
632816178,164,0,0.0,0
632816179,151,0,0.0,0
632816180,170,0,0.0,0
632816181,145,0,0.0,0
632816182,150,0,0.0,0
632816183,159,1,0.006289308176100629,841704
632816184,162,0,0.0,0
632816185,153,0,0.0,0
632816187,154,0,0.0,0
632816188,158,0,0.0,0
632816189,155,0,0.0,0
632816190,178,0,0.0,0
632816191,175,0,0.0,0
632816192,149,0,0.0,0
632816193,138,0,0.0,0
632816194,166,0,0.0,0
632816195,154,0,0.0,0
632816197,153,0,0.0,0
632816198,134,0,0.0,0
632816199,160,0,0.0,0
632816200,156,0,0.0,0
632816201,160,0,0.0,0
632816202,176,0,0.0,0
632816203,177,0,0.0,0
632816204,161,0,0.0,0
632816205,150,0,0.0,0
632816207,144,0,0.0,0
632816208,156,0,0.0,0
632816209,146,0,0.0,0
632816210,180,0,0.0,0
632816211,156,0,0.0,0
632816212,163,0,0.0,0
632816213,161,0,0.0,0
632816214,138,0,0.0,0
632816215,133,0,0.0,0
632816217,145,0,0.0,0
632816218,177,0,0.0,0
632816219,173,0,0.0,0
632816220,141,0,0.0,0
632816221,137,0,0.0,0
632816222,147,0,0.0,0
632816223,162,0,0.0,0
632816224,168,0,0.0,0
632816225,153,0,0.0,0
632816227,141,0,0.0,0
632816228,180,1,0.005555555555555556,875674
632816229,137,0,0.0,0
632816230,165,0,0.0,0
632816231,157,0,0.0,0
632816232,144,0,0.0,0
632816233,165,0,0.0,0
632816234,162,0,0.0,0
632816235,163,0,0.0,0
632816237,155,0,0.0,0
632816238,163,0,0.0,0
632816239,132,0,0.0,0
632816240,163,0,0.0,0
632816241,161,0,0.0,0
632816242,160,0,0.0,0
632816243,156,0,0.0,0
632816244,177,0,0.0,0
632816245,145,0,0.0,0
632816247,172,0,0.0,0
632816248,180,0,0.0,0
632816249,168,0,0.0,0
632816250,150,0,0.0,0
632816251,162,0,0.0,0
632816252,133,0,0.0,0
632816253,132,0,0.0,0
632816254,163,1,0.006134969325153374,792423
632816255,138,0,0.0,0
632816257,154,0,0.0,0
632816258,153,0,0.0,0
632816259,152,0,0.0,0
632816260,159,0,0.0,0
632816261,160,0,0.0,0
632816262,149,0,0.0,0
632816263,158,1,0.006329113924050633,926142
632816264,160,0,0.0,0
632816265,146,0,0.0,0
632816267,147,0,0.0,0
632816268,162,0,0.0,0
632816269,161,0,0.0,0
632816270,165,0,0.0,0
632816271,157,0,0.0,0
632816272,153,0,0.0,0
632816273,161,0,0.0,0
632816274,157,0,0.0,0
632816275,129,0,0.0,0
632816277,176,0,0.0,0
632816278,142,0,0.0,0
632816279,133,0,0.0,0
632816280,160,0,0.0,0
632816281,162,0,0.0,0
632816282,169,0,0.0,0
632816283,134,0,0.0,0
632816284,174,0,0.0,0
632816285,138,0,0.0,0
632816287,145,0,0.0,0
632816288,154,0,0.0,0
632816289,143,0,0.0,0
632816290,157,0,0.0,0
632816291,172,0,0.0,0
632816292,172,0,0.0,0
632816293,158,0,0.0,0
632816294,147,0,0.0,0
632816295,150,0,0.0,0
632816297,164,0,0.0,0
632816298,145,0,0.0,0
632816299,166,0,0.0,0
632816300,163,0,0.0,0
632816301,160,0,0.0,0
632816302,142,0,0.0,0
632816303,149,0,0.0,0
632816304,152,0,0.0,0
632816305,176,0,0.0,0
632816307,150,0,0.0,0
632816308,146,0,0.0,0
632816309,148,0,0.0,0
632816310,156,0,0.0,0
632816311,150,0,0.0,0
632816312,141,0,0.0,0
632816313,165,0,0.0,0
632816314,156,0,0.0,0
632816315,136,0,0.0,0
632816317,166,0,0.0,0
632816318,146,0,0.0,0
632816319,186,0,0.0,0
632816320,169,0,0.0,0
632816321,144,0,0.0,0
632816322,151,0,0.0,0
632816323,155,0,0.0,0
632816324,166,0,0.0,0
632816325,148,0,0.0,0
632816327,147,0,0.0,0
632816328,151,0,0.0,0
632816329,162,0,0.0,0
632816330,184,0,0.0,0
632816331,148,0,0.0,0
632816332,160,0,0.0,0
632816333,157,0,0.0,0
632816334,166,0,0.0,0
632816335,154,0,0.0,0
632816337,157,0,0.0,0
632816338,169,0,0.0,0
632816339,175,0,0.0,0
632816340,131,0,0.0,0
632816341,143,0,0.0,0
632816342,149,0,0.0,0
632816343,161,0,0.0,0
632816344,166,0,0.0,0
632816345,145,0,0.0,0
632816347,169,0,0.0,0
632816348,158,0,0.0,0
632816349,158,0,0.0,0
632816350,163,0,0.0,0
632816351,169,0,0.0,0
632816352,196,0,0.0,0
632816353,183,0,0.0,0
632816354,178,0,0.0,0
632816355,148,0,0.0,0
632816357,148,0,0.0,0
632816358,161,0,0.0,0
632816359,147,0,0.0,0
632816360,161,0,0.0,0
632816361,165,0,0.0,0
632816362,182,0,0.0,0
632816363,157,0,0.0,0
632816364,150,0,0.0,0
632816365,147,0,0.0,0
632816367,148,0,0.0,0
632816368,143,0,0.0,0
632816369,152,0,0.0,0
632816370,168,0,0.0,0
632816371,148,0,0.0,0
632816372,169,0,0.0,0
632816373,137,0,0.0,0
632816374,150,0,0.0,0
632816375,150,0,0.0,0
632816377,165,0,0.0,0
632816378,152,0,0.0,0
632816379,164,0,0.0,0
632816380,190,0,0.0,0
632816381,158,0,0.0,0
632816382,163,0,0.0,0
632816383,159,0,0.0,0
632816384,154,0,0.0,0
632816385,154,0,0.0,0
632816387,170,0,0.0,0
632816388,159,0,0.0,0
632816389,143,0,0.0,0
632816390,169,0,0.0,0
632816391,154,0,0.0,0
632816392,150,0,0.0,0
632816393,136,0,0.0,0
632816394,179,0,0.0,0
632816395,159,0,0.0,0
632816397,175,0,0.0,0
632816398,152,0,0.0,0
632816399,170,0,0.0,0
632816400,152,0,0.0,0
632816401,162,0,0.0,0
632816402,162,0,0.0,0
632816403,167,0,0.0,0
632816404,152,0,0.0,0
632816405,173,0,0.0,0
632816407,162,0,0.0,0
632816408,155,0,0.0,0
632816409,164,0,0.0,0
632816410,164,0,0.0,0
632816411,151,0,0.0,0
632816412,175,0,0.0,0
632816413,156,0,0.0,0
632816414,168,0,0.0,0
632816415,185,0,0.0,0
632816417,176,0,0.0,0
632816418,148,0,0.0,0
632816419,160,0,0.0,0
632816420,176,0,0.0,0
632816421,165,0,0.0,0
632816422,168,0,0.0,0
632816423,148,0,0.0,0
632816424,141,0,0.0,0
632816425,157,0,0.0,0
632816427,157,0,0.0,0
632816428,164,0,0.0,0
632816429,158,0,0.0,0
632816430,164,0,0.0,0
632816431,158,0,0.0,0
632816432,166,0,0.0,0
632816433,170,0,0.0,0
632816434,158,1,0.006329113924050633,788814
632816435,158,0,0.0,0
632816437,164,0,0.0,0
632816438,137,0,0.0,0
632816439,151,0,0.0,0
632816440,154,0,0.0,0
632816441,166,0,0.0,0
632816442,155,0,0.0,0
632816443,153,0,0.0,0
632816444,174,0,0.0,0
632816445,149,0,0.0,0
632816447,175,0,0.0,0
632816448,169,0,0.0,0
632816449,172,0,0.0,0
632816450,135,0,0.0,0
632816451,168,0,0.0,0
632816452,160,0,0.0,0
632816453,140,0,0.0,0
632816454,146,0,0.0,0
632816455,159,0,0.0,0
632816457,145,0,0.0,0
632816458,162,0,0.0,0
632816459,144,0,0.0,0
632816460,164,0,0.0,0
632816461,160,0,0.0,0
632816462,156,0,0.0,0
632816463,131,0,0.0,0
632816464,162,0,0.0,0
632816465,173,1,0.005780346820809248,765516
632816467,157,0,0.0,0
632816468,151,0,0.0,0
632816469,160,0,0.0,0
632816470,156,0,0.0,0
632816471,172,0,0.0,0
632816472,144,0,0.0,0
632816473,167,0,0.0,0
632816474,151,0,0.0,0
632816475,162,0,0.0,0
632816477,163,0,0.0,0
632816478,159,0,0.0,0
632816479,144,0,0.0,0
632816480,145,0,0.0,0
632816481,191,0,0.0,0
632816482,163,0,0.0,0
632816483,173,0,0.0,0
632816484,152,0,0.0,0
632816485,158,0,0.0,0
632816487,148,0,0.0,0
632816488,168,0,0.0,0
632816489,145,0,0.0,0
632816490,192,0,0.0,0
632816491,165,0,0.0,0
632816492,175,0,0.0,0
632816493,166,0,0.0,0
632816494,136,0,0.0,0
632816495,165,0,0.0,0
632816497,163,0,0.0,0
632816498,160,0,0.0,0
632816499,159,0,0.0,0
632816500,149,0,0.0,0
632816501,155,0,0.0,0
632816502,145,0,0.0,0
632816503,156,0,0.0,0
632816504,152,0,0.0,0
632816505,161,0,0.0,0
632816507,139,0,0.0,0
632816508,151,0,0.0,0
632816509,135,0,0.0,0
632816510,160,0,0.0,0
632816511,146,0,0.0,0
632816512,144,0,0.0,0
632816513,168,0,0.0,0
632816514,137,0,0.0,0
632816515,154,0,0.0,0
632816517,151,0,0.0,0
632816518,171,0,0.0,0
632816519,169,0,0.0,0
632816520,155,0,0.0,0
632816521,157,0,0.0,0
632816522,154,0,0.0,0
632816523,149,0,0.0,0
632816524,162,0,0.0,0
632816525,160,0,0.0,0
632816527,163,0,0.0,0
632816528,165,1,0.006060606060606061,817939
632816529,156,0,0.0,0
632816530,162,0,0.0,0
632816531,152,0,0.0,0
632816532,169,0,0.0,0
632816533,154,1,0.006493506493506494,843063
632816534,163,0,0.0,0
632816535,179,0,0.0,0
632816537,165,0,0.0,0
632816538,155,0,0.0,0
632816539,129,0,0.0,0
632816540,176,0,0.0,0
632816541,164,0,0.0,0
632816542,149,0,0.0,0
632816543,166,0,0.0,0
632816544,169,0,0.0,0
632816545,149,0,0.0,0
632816547,174,0,0.0,0
632816548,169,0,0.0,0
632816549,161,0,0.0,0
632816550,157,0,0.0,0
632816551,154,0,0.0,0
632816552,159,0,0.0,0
632816553,148,0,0.0,0
632816554,133,0,0.0,0
632816555,174,0,0.0,0
632816557,140,0,0.0,0
632816558,163,0,0.0,0
632816559,158,0,0.0,0
632816560,147,0,0.0,0
632816561,158,0,0.0,0
632816562,174,0,0.0,0
632816563,145,0,0.0,0
632816564,164,0,0.0,0
632816565,157,0,0.0,0
632816567,146,0,0.0,0
632816568,146,0,0.0,0
632816569,159,0,0.0,0
632816570,163,0,0.0,0
632816571,136,0,0.0,0
632816572,165,0,0.0,0
632816573,141,0,0.0,0
632816574,146,0,0.0,0
632816575,144,0,0.0,0
632816577,136,0,0.0,0
632816578,142,0,0.0,0
632816579,140,0,0.0,0
632816580,142,0,0.0,0
632816581,162,0,0.0,0
632816582,184,0,0.0,0
632816583,148,0,0.0,0
632816584,136,0,0.0,0
632816585,175,0,0.0,0
632816587,156,0,0.0,0
632816588,157,0,0.0,0
632816589,176,0,0.0,0
632816590,161,0,0.0,0
632816591,151,0,0.0,0
632816592,176,0,0.0,0
632816593,148,0,0.0,0
632816594,174,0,0.0,0
632816595,145,0,0.0,0
632816597,172,0,0.0,0
632816598,141,0,0.0,0
632816599,155,0,0.0,0
632816600,159,0,0.0,0
632816601,182,0,0.0,0
632816602,160,0,0.0,0
632816603,152,0,0.0,0
632816604,161,0,0.0,0
632816605,167,0,0.0,0
632816607,158,0,0.0,0
632816608,155,0,0.0,0
632816609,171,0,0.0,0
632816610,186,0,0.0,0
632816611,164,0,0.0,0
632816612,170,0,0.0,0
632816613,151,0,0.0,0
632816614,137,0,0.0,0
632816615,136,0,0.0,0
632816617,146,0,0.0,0
632816618,152,0,0.0,0
632816619,153,0,0.0,0
632816620,153,0,0.0,0
632816621,171,0,0.0,0
632816622,156,0,0.0,0
632816623,172,0,0.0,0
632816624,163,0,0.0,0
632816625,156,0,0.0,0
632816627,141,0,0.0,0
632816628,169,0,0.0,0
632816629,171,0,0.0,0
632816630,156,0,0.0,0
632816631,160,0,0.0,0
632816632,160,0,0.0,0
632816633,154,0,0.0,0
632816634,171,0,0.0,0
632816635,145,0,0.0,0
632816637,148,0,0.0,0
632816638,151,0,0.0,0
632816639,174,1,0.005747126436781609,756814
632816640,150,0,0.0,0
632816641,164,0,0.0,0
632816642,151,0,0.0,0
632816643,160,0,0.0,0
632816644,143,0,0.0,0
632816645,125,0,0.0,0
632816647,160,0,0.0,0
632816648,153,0,0.0,0
632816649,148,0,0.0,0
632816650,154,0,0.0,0
632816651,151,0,0.0,0
632816652,141,0,0.0,0
632816653,164,0,0.0,0
632816654,155,0,0.0,0
632816655,154,0,0.0,0
632816657,157,1,0.006369426751592357,790220
632816658,141,0,0.0,0
632816659,176,0,0.0,0
632816660,145,0,0.0,0
632816661,162,0,0.0,0
632816662,156,0,0.0,0
632816663,160,0,0.0,0
632816664,156,0,0.0,0
632816665,187,0,0.0,0
632816667,169,0,0.0,0
632816668,168,0,0.0,0
632816669,136,0,0.0,0
632816670,169,0,0.0,0
632816671,183,0,0.0,0
632816672,169,0,0.0,0
632816673,154,0,0.0,0
632816674,147,0,0.0,0
632816675,176,0,0.0,0
632816677,168,0,0.0,0
632816678,150,0,0.0,0
632816679,159,0,0.0,0
632816680,157,0,0.0,0
632816681,154,0,0.0,0
632816682,152,0,0.0,0
632816683,153,0,0.0,0
632816684,163,0,0.0,0
632816685,158,0,0.0,0
632816687,184,1,0.005434782608695652,650704
632816688,139,0,0.0,0
632816689,174,0,0.0,0
632816690,168,0,0.0,0
632816691,153,0,0.0,0
632816692,153,0,0.0,0
632816693,167,0,0.0,0
632816694,165,0,0.0,0
632816695,169,0,0.0,0
632816697,165,0,0.0,0
632816698,165,0,0.0,0
632816699,170,0,0.0,0
632816700,154,0,0.0,0
632816701,152,0,0.0,0
632816702,166,0,0.0,0
632816703,140,0,0.0,0
632816704,140,1,0.007142857142857143,804985
632816705,154,0,0.0,0
632816707,163,0,0.0,0
632816708,161,0,0.0,0
632816709,159,0,0.0,0
632816710,154,0,0.0,0
632816711,146,0,0.0,0
632816712,155,0,0.0,0
632816713,159,0,0.0,0
632816714,164,0,0.0,0
632816715,170,0,0.0,0
632816717,137,0,0.0,0
632816718,187,0,0.0,0
632816719,138,0,0.0,0
632816720,158,0,0.0,0
632816721,163,1,0.006134969325153374,855235
632816722,181,0,0.0,0
632816723,164,0,0.0,0
632816724,149,0,0.0,0
632816725,137,0,0.0,0
632816727,156,0,0.0,0
632816728,167,0,0.0,0
632816729,151,0,0.0,0
632816730,150,0,0.0,0
632816731,156,0,0.0,0
632816732,162,0,0.0,0
632816733,149,0,0.0,0
632816734,140,0,0.0,0
632816735,161,0,0.0,0
632816737,141,0,0.0,0
632816738,156,0,0.0,0
632816739,165,0,0.0,0
632816740,179,0,0.0,0
632816741,153,0,0.0,0
632816742,180,0,0.0,0
632816743,151,0,0.0,0
632816744,141,0,0.0,0
632816745,162,0,0.0,0
632816747,159,0,0.0,0
632816748,173,0,0.0,0
632816749,152,0,0.0,0
632816750,154,0,0.0,0
632816751,158,0,0.0,0
632816752,159,0,0.0,0
632816753,152,1,0.006578947368421052,801345
632816754,165,0,0.0,0
632816755,167,0,0.0,0
632816757,173,0,0.0,0
632816758,149,0,0.0,0
632816759,162,0,0.0,0
632816760,144,0,0.0,0
632816761,144,0,0.0,0
632816762,170,0,0.0,0
632816763,152,0,0.0,0
632816764,145,0,0.0,0
632816765,150,0,0.0,0
632816767,163,0,0.0,0
632816768,145,0,0.0,0
632816769,153,0,0.0,0
632816770,167,0,0.0,0
632816771,175,0,0.0,0
632816772,165,0,0.0,0
632816773,144,0,0.0,0
632816774,166,0,0.0,0
632816775,153,0,0.0,0
632816777,163,0,0.0,0
632816778,155,0,0.0,0
632816779,155,0,0.0,0
632816780,164,0,0.0,0
632816781,177,0,0.0,0
632816782,164,0,0.0,0
632816783,154,0,0.0,0
632816784,141,0,0.0,0
632816785,145,0,0.0,0
632816787,156,0,0.0,0
632816788,125,0,0.0,0
632816789,151,0,0.0,0
632816790,161,0,0.0,0
632816791,170,0,0.0,0
632816792,148,0,0.0,0
632816793,146,1,0.00684931506849315,830891
632816794,160,0,0.0,0
632816795,149,0,0.0,0
632816797,164,0,0.0,0
632816798,133,0,0.0,0
632816799,150,0,0.0,0
632816800,171,0,0.0,0
632816801,141,0,0.0,0
632816802,165,0,0.0,0
632816803,164,0,0.0,0
632816804,137,0,0.0,0
632816805,170,0,0.0,0
632816807,164,0,0.0,0
632816808,176,0,0.0,0
632816809,170,0,0.0,0
632816810,168,1,0.005952380952380952,639407
632816811,142,0,0.0,0
632816812,145,0,0.0,0
632816813,159,0,0.0,0
632816814,159,0,0.0,0
632816815,164,0,0.0,0
632816817,149,0,0.0,0
632816818,173,0,0.0,0
632816819,151,0,0.0,0
632816820,162,0,0.0,0
632816821,182,0,0.0,0
632816822,149,0,0.0,0
632816823,160,0,0.0,0
632816824,141,0,0.0,0
632816825,145,0,0.0,0
632816827,166,0,0.0,0
632816828,142,0,0.0,0
632816829,167,0,0.0,0
632816830,179,0,0.0,0
632816831,162,0,0.0,0
632816832,158,0,0.0,0
632816833,143,0,0.0,0
632816834,174,0,0.0,0
632816835,153,0,0.0,0
632816837,184,0,0.0,0
632816838,149,0,0.0,0
632816839,144,0,0.0,0
632816840,166,0,0.0,0
632816841,152,0,0.0,0
632816842,177,0,0.0,0
632816843,159,0,0.0,0
632816844,159,0,0.0,0
632816845,161,0,0.0,0
632816847,149,0,0.0,0
632816848,149,0,0.0,0
632816849,129,0,0.0,0
632816850,190,0,0.0,0
632816851,182,0,0.0,0
632816852,160,0,0.0,0
632816853,152,0,0.0,0
632816854,178,0,0.0,0
632816855,154,0,0.0,0
632816857,140,0,0.0,0
632816858,159,1,0.006289308176100629,867283
632816859,155,0,0.0,0
632816860,173,0,0.0,0
632816861,150,0,0.0,0
632816862,161,0,0.0,0
632816863,150,0,0.0,0
632816864,143,0,0.0,0
632816865,159,0,0.0,0
632816867,142,0,0.0,0
632816868,135,0,0.0,0
632816869,177,0,0.0,0
632816870,160,0,0.0,0
632816871,158,0,0.0,0
632816899,148,0,0.0,0
632816900,146,0,0.0,0
632816901,148,0,0.0,0
632816902,178,0,0.0,0
632816903,129,0,0.0,0
632816905,166,0,0.0,0
632816906,163,0,0.0,0
632816907,154,0,0.0,0
632816908,144,0,0.0,0
632816909,159,0,0.0,0
632816910,165,0,0.0,0
632816911,163,1,0.006134969325153374,830642
632816912,166,0,0.0,0
632816913,168,0,0.0,0
632816915,167,0,0.0,0
632816916,158,0,0.0,0
632816917,149,0,0.0,0
632816918,171,0,0.0,0
632816919,190,0,0.0,0
632817101,181,0,0.0,0
632817102,163,0,0.0,0
632817103,152,0,0.0,0
632817104,180,0,0.0,0
632817105,186,0,0.0,0
632817106,179,0,0.0,0
632817107,176,0,0.0,0
632817108,168,0,0.0,0
632817109,151,0,0.0,0
632817110,158,0,0.0,0
632817111,182,0,0.0,0
632817112,185,0,0.0,0
632817113,160,0,0.0,0
632817114,155,0,0.0,0
632817115,181,0,0.0,0
632817116,163,0,0.0,0
632817117,164,0,0.0,0
632817118,170,0,0.0,0
632817119,161,0,0.0,0
632817120,173,0,0.0,0
632817121,161,0,0.0,0
632817122,144,0,0.0,0
632817123,168,0,0.0,0
632817124,182,0,0.0,0
632817125,172,0,0.0,0
632817126,183,0,0.0,0
632817127,161,0,0.0,0
632817128,155,0,0.0,0
632817129,161,0,0.0,0
632817130,181,0,0.0,0
632817131,173,0,0.0,0
632817132,154,0,0.0,0
632817133,172,0,0.0,0
632817134,183,1,0.00546448087431694,899501
632817135,155,0,0.0,0
632817136,177,0,0.0,0
632817137,187,0,0.0,0
632817138,166,0,0.0,0
632817139,172,0,0.0,0
632817140,186,0,0.0,0
632817141,162,0,0.0,0
632817142,172,0,0.0,0
632817143,157,0,0.0,0
632817144,153,0,0.0,0
632817145,185,0,0.0,0
632817146,194,0,0.0,0
632817147,169,0,0.0,0
632817148,186,0,0.0,0
632817149,166,0,0.0,0
632817150,150,0,0.0,0
632817151,166,0,0.0,0
632817152,166,0,0.0,0
632817153,162,0,0.0,0
632817154,150,0,0.0,0
632817155,168,1,0.005952380952380952,791298
632817156,160,0,0.0,0
632817157,149,0,0.0,0
632817158,170,0,0.0,0
632817159,153,0,0.0,0
632817160,171,0,0.0,0
632817161,205,0,0.0,0
632817162,157,0,0.0,0
632817163,170,0,0.0,0
632817164,161,0,0.0,0
632817165,167,0,0.0,0
632817166,198,0,0.0,0
632817167,151,0,0.0,0
632817168,147,0,0.0,0
632817169,179,0,0.0,0
632817170,183,0,0.0,0
632817171,179,0,0.0,0
632817172,146,0,0.0,0
632817173,166,0,0.0,0
632817174,158,0,0.0,0
632817175,171,0,0.0,0
632817176,183,0,0.0,0
632817177,162,0,0.0,0
632817178,190,0,0.0,0
632817179,179,0,0.0,0
632817180,166,0,0.0,0
632817181,179,0,0.0,0
632817182,169,0,0.0,0
632817183,169,0,0.0,0
632817184,169,0,0.0,0
632817185,186,0,0.0,0
632817186,185,0,0.0,0
632817187,196,0,0.0,0
632817188,154,0,0.0,0
632817189,147,0,0.0,0
632817190,175,0,0.0,0
632817191,176,0,0.0,0
632817192,176,0,0.0,0
632817193,172,0,0.0,0
632817194,168,0,0.0,0
632817195,166,0,0.0,0
632817196,164,0,0.0,0
632817197,172,0,0.0,0
632817198,166,0,0.0,0
632817199,157,0,0.0,0
632817200,163,0,0.0,0
632817201,167,0,0.0,0
632817202,167,0,0.0,0
632817203,164,0,0.0,0
632817204,158,0,0.0,0
632817205,140,0,0.0,0
632817401,171,1,0.005847953216374269,854157
632817402,191,0,0.0,0
632817403,194,0,0.0,0
632817404,183,0,0.0,0
632817405,193,0,0.0,0
632817406,176,0,0.0,0
632817407,184,0,0.0,0
632817408,188,0,0.0,0
632817409,189,0,0.0,0
632817410,183,0,0.0,0
632817501,178,0,0.0,0
632817502,158,0,0.0,0
632817503,156,0,0.0,0
632817504,178,1,0.0056179775280898875,717173
632817505,162,0,0.0,0
632817506,170,0,0.0,0
632817507,172,0,0.0,0
632817508,139,1,0.007194244604316547,896705
632817509,158,0,0.0,0
632817510,156,0,0.0,0
632817511,170,0,0.0,0
632817512,159,1,0.006289308176100629,801579
632817513,173,0,0.0,0
632817514,161,0,0.0,0
632817515,156,0,0.0,0
632817516,173,0,0.0,0
632817517,172,0,0.0,0
632817518,149,0,0.0,0
632817519,143,0,0.0,0
632817520,146,0,0.0,0
632817521,164,0,0.0,0
632817522,164,0,0.0,0
632817523,178,0,0.0,0
632817524,181,0,0.0,0
632817525,168,0,0.0,0
632817526,159,0,0.0,0
632817527,174,0,0.0,0
632817528,179,0,0.0,0
632817529,171,0,0.0,0
632817530,178,0,0.0,0
632817531,163,0,0.0,0
632817532,167,0,0.0,0
632817533,162,0,0.0,0
632817534,154,0,0.0,0
632817535,138,0,0.0,0
632817536,160,0,0.0,0
632817537,157,0,0.0,0
632817538,164,0,0.0,0
632817539,169,0,0.0,0
632817540,148,0,0.0,0
632817541,165,0,0.0,0
632817542,176,1,0.005681818181818182,883330
632817543,168,0,0.0,0
632817544,173,0,0.0,0
632817545,162,0,0.0,0
632817546,163,0,0.0,0
632817547,178,0,0.0,0
632817548,164,0,0.0,0
632817549,155,0,0.0,0
632817550,145,0,0.0,0
632817551,151,0,0.0,0
632817552,163,0,0.0,0
632817553,152,0,0.0,0
632817554,183,0,0.0,0
632817555,178,0,0.0,0
632817556,192,0,0.0,0
632817557,168,0,0.0,0
632817558,184,0,0.0,0
632817559,168,0,0.0,0
632817560,157,0,0.0,0
632817561,165,0,0.0,0
632817562,145,0,0.0,0
632817563,172,0,0.0,0
632817564,167,0,0.0,0
632817565,162,0,0.0,0
632817566,167,0,0.0,0
632817567,206,0,0.0,0
632817568,158,0,0.0,0
632817569,155,0,0.0,0
632817570,155,0,0.0,0
632817571,183,0,0.0,0
632817572,171,0,0.0,0
632817573,148,0,0.0,0
632817574,168,0,0.0,0
632817575,177,0,0.0,0
632817576,160,1,0.00625,860079
632817577,186,0,0.0,0
632817578,145,0,0.0,0
632817579,150,0,0.0,0
632817580,190,0,0.0,0
632817581,179,0,0.0,0
632817582,161,0,0.0,0
632817583,141,0,0.0,0
632817584,169,1,0.005917159763313609,854189
632817585,193,0,0.0,0
632817586,180,0,0.0,0
632817601,168,0,0.0,0
632817602,167,0,0.0,0
632817603,180,0,0.0,0
632817604,161,0,0.0,0
632817605,174,0,0.0,0
632817606,194,0,0.0,0
632817607,190,0,0.0,0
632817608,177,0,0.0,0
632817609,162,0,0.0,0
632817610,202,0,0.0,0
632817611,170,0,0.0,0
632817612,171,0,0.0,0
632817613,160,0,0.0,0
632817614,144,0,0.0,0
632817615,137,0,0.0,0
632817616,119,0,0.0,0
632817617,128,0,0.0,0
632817618,118,0,0.0,0
632817619,132,0,0.0,0
632817620,135,0,0.0,0
632817621,137,0,0.0,0
632817622,134,0,0.0,0
632817623,137,0,0.0,0
632817624,145,0,0.0,0
632817625,130,0,0.0,0
632817626,139,0,0.0,0
632817627,138,0,0.0,0
632817628,131,0,0.0,0
632817629,133,0,0.0,0
632817630,140,0,0.0,0
632817631,140,0,0.0,0
632817632,134,0,0.0,0
632817633,133,0,0.0,0
632817634,124,0,0.0,0
632817635,131,0,0.0,0
632817636,136,0,0.0,0
632817637,130,0,0.0,0
632817638,147,0,0.0,0
632817639,138,0,0.0,0
632817640,151,1,0.006622516556291391,838548
632817641,139,0,0.0,0
632817642,136,0,0.0,0
632817643,127,0,0.0,0
632817644,121,0,0.0,0
632817645,132,0,0.0,0
632817646,130,0,0.0,0
632817647,149,0,0.0,0
632817648,125,1,0.008,882595
632817649,137,0,0.0,0
632817650,120,0,0.0,0
632817651,135,0,0.0,0
632817652,150,0,0.0,0
632817653,127,0,0.0,0
632817654,135,0,0.0,0
632817655,154,0,0.0,0
632817656,126,0,0.0,0
632817657,159,0,0.0,0
632817658,144,0,0.0,0
632817659,122,0,0.0,0
632817660,136,0,0.0,0
632817661,135,0,0.0,0
632817662,135,0,0.0,0
632817663,123,0,0.0,0
632817664,126,0,0.0,0
632817665,124,0,0.0,0
632817666,153,0,0.0,0
632817667,127,0,0.0,0
632817668,117,1,0.008547008547008548,960251
632817669,122,0,0.0,0
632817670,144,0,0.0,0
632817671,138,0,0.0,0
632817672,140,0,0.0,0
632817673,110,0,0.0,0
632817674,158,0,0.0,0
632817675,143,0,0.0,0
632817676,138,0,0.0,0
632817677,125,0,0.0,0
632817678,140,0,0.0,0
632817679,130,0,0.0,0
632817680,142,0,0.0,0
632817681,137,0,0.0,0
632817682,153,0,0.0,0
632817683,128,0,0.0,0
632817684,156,1,0.00641025641025641,966767
632817685,119,0,0.0,0
632817686,129,0,0.0,0
632817687,136,0,0.0,0
632817688,125,0,0.0,0
632817689,145,0,0.0,0
632817690,136,0,0.0,0
632817691,136,0,0.0,0
632817692,128,0,0.0,0
632817693,149,0,0.0,0
632817694,144,0,0.0,0
632817695,133,0,0.0,0
632817696,140,0,0.0,0
632817697,129,0,0.0,0
632817698,129,0,0.0,0
632817699,128,0,0.0,0
632817700,131,0,0.0,0
632817701,315,143,0.45396825396825397,558431380
632817702,141,0,0.0,0
632817703,125,0,0.0,0
632817704,137,0,0.0,0
632817705,132,0,0.0,0
632817706,140,0,0.0,0
632817707,142,0,0.0,0
632817708,141,0,0.0,0
632817709,142,0,0.0,0
632817710,135,0,0.0,0
632817711,147,0,0.0,0
632817712,140,0,0.0,0
632817713,143,0,0.0,0
632817714,138,0,0.0,0
632817715,136,0,0.0,0
632817716,140,0,0.0,0
632817717,136,0,0.0,0
632817718,144,0,0.0,0
632817719,156,0,0.0,0
632817720,149,0,0.0,0
632817721,153,0,0.0,0
632817722,127,0,0.0,0
632817723,158,0,0.0,0
632817724,135,0,0.0,0
632817725,133,0,0.0,0
632817726,145,0,0.0,0
632817727,135,0,0.0,0
632817728,143,0,0.0,0
632817729,145,0,0.0,0
632817730,132,0,0.0,0
632817731,125,0,0.0,0
632817732,167,0,0.0,0
632817733,136,0,0.0,0
632817734,151,0,0.0,0
632817735,141,0,0.0,0
632817736,168,1,0.005952380952380952,868126
632817737,136,0,0.0,0
632817738,164,0,0.0,0
632817739,129,0,0.0,0
632817901,172,0,0.0,0
632822001,116,0,0.0,0
632822002,118,0,0.0,0
632822003,101,0,0.0,0
632822004,110,0,0.0,0
632822005,120,0,0.0,0
632822006,114,0,0.0,0
632822007,122,0,0.0,0
632822008,98,0,0.0,0
632822009,112,0,0.0,0
632822010,111,0,0.0,0
632822011,112,0,0.0,0
632822012,93,0,0.0,0
632822013,97,0,0.0,0
632822014,112,0,0.0,0
632822015,114,0,0.0,0
632822016,92,0,0.0,0
632822017,117,0,0.0,0
632822018,111,0,0.0,0
632822019,113,0,0.0,0
632822020,118,0,0.0,0
632822021,121,0,0.0,0
632822022,102,0,0.0,0
632822023,102,0,0.0,0
632822024,91,0,0.0,0
632822025,106,0,0.0,0
632822301,174,0,0.0,0
632822302,175,0,0.0,0
632822303,180,0,0.0,0
632822304,159,0,0.0,0
632822305,215,0,0.0,0
632822306,191,0,0.0,0
632822307,188,0,0.0,0
632822308,190,0,0.0,0
632822309,177,0,0.0,0
632822310,166,0,0.0,0
632822311,214,0,0.0,0
632822312,182,0,0.0,0
632822901,177,0,0.0,0
632822903,201,0,0.0,0
632822910,199,0,0.0,0
