2,0,0,0,0,0,59,0,0,0,0,0,0,0,0,8,726,37643,13565,32693,51261,56191,50636,45196,5475,0,14,11,18,16,9,
1,0,0,0,0,0,48,0,0,0,2,0,0,0,57,12663,45741,13404,0,0,0,0,10,3,0,0,0,0,0,0,0,0,0,0,0,0,0,0,0,0,0,0,0,0,0,0,0,0,0,0,0,0,0,0,0,0,0,0,0,0,0,0,0,0,0,0,0,0,0,0,0,0,0,0,0,7,321,32715,59002,2956,47226,51205,20062,1,13,16,3,23,15,
1,0,0,0,0,1,43,0,0,0,0,0,0,0,0,0,0,0,0,0,0,0,0,0,0,0,0,0,0,0,0,0,0,0,0,0,0,0,0,0,0,0,0,0,0,0,0,0,0,0,0,0,0,0,0,0,0,0,0,0,0,0,0,0,0,0,0,0,0,0,0,24,7414,56654,65477,64663,61042,26876,0,7,14,20,11,19,
487,5214,633,365,0,5,104,0,1,3,0,0,0,0,0,45,3008,0,0,0,0,0,0,1,0,0,328,3185,0,0,0,0,0,1,0,0,0,0,0,0,0,0,0,0,0,0,0,0,0,0,0,0,0,0,0,0,0,0,0,0,0,0,0,0,0,0,0,0,0,0,0,0,0,0,0,0,0,0,0,0,0,0,0,0,0,0,0,0,0,0,0,0,0,0,0,0,0,0,0,0,0,0,0,0,0,0,11914,61,0,0,0,0,0,4,
180,3248,0,0,0,0,81,
4,138,0,0,0,0,143,
266,680,127,0,0,1,115,
53911,34721,26666,9407,0,8,30,10,4,2,0,0,0,0,0,0,0,0,0,0,0,0,0,0,0,0,0,0,0,0,0,0,0,0,0,0,0,0,0,0,0,0,0,0,0,0,0,0,0,0,0,0,0,0,0,0,0,0,0,0,0,0,0,0,0,0,0,0,0,0,0,0,0,0,0,0,0,0,0,0,0,0,0,0,0,0,0,0,0,0,0,0,0,0,0,0,0,0,0,0,0,0,0,0,0,0,0,0,0,0,0,0,0,0,0,0,0,0,0,0,0,0,0,0,0,0,0,0,0,0,0,0,0,0,0,0,0,0,0,0,0,0,0,0,0,0,0,0,0,0,0,0,0,0,0,0,0,0,0,0,0,0,0,0,0,0,0,0,0,0,0,0,0,0,0,0,0,0,0,0,0,0,0,0,0,0,0,0,0,0,0,0,0,0,0,0,0,0,0,0,0,0,0,0,0,0,0,0,0,0,0,0,0,0,0,0,0,0,0,0,0,0,0,0,0,0,0,0,0,0,0,0,0,0,0,0,0,0,0,0,0,0,0,0,0,0,0,0,0,0,0,0,0,0,0,0,0,0,0,0,0,0,0,0,0,0,0,0,0,0,0,0,0,0,0,0,0,0,0,0,0,0,0,0,0,0,0,0,0,0,0,0,0,0,0,0,0,0,0,0,0,0,0,0,0,0,0,0,0,0,0,0,0,0,0,0,0,0,0,0,0,0,0,0,0,0,0,0,0,0,0,0,0,0,0,0,0,0,0,0,0,0,0,0,0,0,0,0,0,0,0,0,0,0,0,0,0,0,0,0,0,0,0,0,0,0,0,0,0,0,0,0,0,0,0,0,0,0,0,0,0,0,0,0,0,0,0,0,0,0,0,0,0,0,0,0,0,0,0,0,0,0,0,0,0,0,0,0,0,0,0,0,0,0,0,0,0,0,0,0,0,0,0,0,0,0,0,0,0,0,0,0,0,0,0,0,0,0,0,0,0,0,0,0,0,0,0,0,0,0,0,0,0,0,0,0,0,0,0,0,0,0,0,0,0,0,0,0,0,0,0,0,0,0,0,0,0,0,0,0,0,0,0,0,0,0,0,0,0,0,0,0,0,0,0,0,0,0,0,0,0,0,0,0,0,0,0,0,0,0,0,0,0,0,0,0,0,0,0,0,0,0,0,0,0,0,0,0,0,0,0,0,0,0,0,0,0,0,0,0,0,0,0,0,0,0,0,0,0,0,0,0,0,0,0,0,0,0,0,0,0,0,0,0,0,0,0,0,0,0,0,0,0,0,0,0,0,0,0,0,0,0,0,0,0,0,0,0,0,0,0,0,0,0,0,0,0,0,0,0,0,0,0,0,0,0,0,0,0,0,0,0,0,0,0,0,0,0,0,0,0,0,0,0,0,0,0,0,0,0,0,0,0,0,0,0,0,0,0,0,0,0,0,0,0,0,0,0,0,0,0,0,0,0,0,0,0,0,0,0,0,0,0,0,0,0,0,0,0,0,0,0,0,0,0,0,0,0,0,0,0,0,0,0,0,0,0,0,0,0,0,1,11,171,1554,4267,6588,5595,6247,6272,6576,9718,10997,13128,15006,15837,16886,15786,16209,16157,16099,15128,3355,
39699,12459,12213,30036,16245,822,53,22,91,2,8,1,0,0,0,0,0,0,0,0,0,0,0,0,0,0,0,0,0,0,0,0,0,0,0,0,0,0,0,0,0,0,0,0,0,0,0,0,0,0,0,0,0,0,0,0,0,0,0,0,0,0,0,0,0,0,0,0,0,0,0,0,0,0,0,0,0,0,0,0,0,0,0,0,0,0,0,0,0,0,0,0,0,0,0,0,0,0,0,0,0,0,0,0,0,0,0,0,0,0,0,0,0,0,0,0,0,0,0,0,0,0,0,0,0,0,0,0,0,0,0,0,0,0,0,0,0,0,0,0,0,0,0,0,0,0,0,0,0,0,0,0,0,0,0,0,0,0,0,0,0,0,0,0,0,0,0,0,0,0,0,0,0,0,0,0,0,0,0,0,0,0,0,0,0,0,0,0,0,0,0,0,0,0,0,0,0,0,0,0,0,0,0,0,0,0,0,0,0,0,0,0,0,0,0,0,0,0,0,0,0,0,0,0,0,0,0,0,0,0,0,0,0,0,0,0,0,0,0,0,0,0,0,0,0,0,0,0,0,0,0,0,0,0,0,0,0,0,0,0,0,0,0,0,0,0,0,0,0,0,0,0,0,0,0,0,0,0,0,0,0,0,0,0,0,0,0,0,0,0,0,0,0,0,0,0,0,0,0,0,0,0,0,0,0,0,0,0,0,0,0,0,0,0,0,0,0,0,0,0,0,0,0,0,0,0,0,0,0,0,0,0,0,0,0,0,0,0,0,0,0,0,0,0,0,0,0,0,0,0,0,0,0,0,0,0,0,0,0,0,0,0,0,0,0,0,0,0,0,0,0,0,0,0,0,0,0,0,0,0,0,0,0,0,0,0,0,0,0,0,0,0,0,0,0,0,0,0,0,0,0,0,0,0,0,0,0,0,0,0,0,0,0,0,0,0,0,0,0,0,0,0,0,0,0,0,0,0,0,0,0,0,0,0,0,0,0,0,0,0,0,0,0,0,0,0,0,0,0,0,0,0,0,0,0,0,0,0,0,0,0,0,0,0,0,0,0,0,0,0,0,0,0,0,0,0,0,0,0,0,0,0,0,0,0,0,0,0,0,0,0,0,0,0,0,0,0,0,0,0,0,0,0,0,0,0,0,0,0,0,0,0,0,0,0,0,0,0,0,0,0,0,0,0,0,0,0,0,0,0,0,0,0,0,0,0,0,0,0,0,0,0,0,0,0,0,0,0,0,0,0,0,0,0,0,0,0,0,0,0,0,0,0,0,0,0,0,0,0,0,0,0,0,0,0,0,0,0,0,0,0,0,0,0,0,0,0,0,0,0,0,0,0,0,0,0,0,0,0,0,0,0,0,0,0,0,0,0,0,0,0,0,0,0,0,0,0,0,0,0,0,0,0,0,0,0,0,0,0,0,0,0,0,0,0,0,0,0,0,0,0,0,0,0,0,0,0,0,0,0,0,0,0,0,0,0,0,0,0,0,0,0,0,0,0,0,0,0,0,0,0,0,0,0,0,0,0,0,0,0,0,0,0,0,0,0,0,0,0,0,0,9,80,76,1,196,1038,2185,3619,7497,10940,5825,4415,6129,3542,914,919,484,813,429,260,
57967,39905,11919,1232,0,10,5,4,3,0,0,0,0,0,0,0,0,0,0,0,0,0,0,0,0,0,0,0,0,0,0,0,0,0,0,0,0,0,0,0,0,0,0,0,0,0,0,0,0,0,0,0,0,0,0,0,0,0,0,0,0,0,0,0,0,0,0,0,0,0,0,0,0,0,0,0,0,0,0,0,0,0,0,0,0,0,0,0,0,0,0,0,0,0,0,0,0,0,0,0,0,0,0,0,0,0,0,0,0,0,0,0,0,0,0,0,0,0,0,0,0,0,0,0,0,0,0,0,0,0,0,0,0,0,0,0,0,0,0,0,0,0,0,0,0,0,0,0,0,0,0,0,0,0,0,0,0,0,0,0,0,0,0,0,0,0,0,0,0,0,0,0,0,0,0,0,0,0,0,0,0,0,0,0,0,0,0,0,0,0,0,0,0,0,0,0,0,0,0,0,0,0,0,0,0,0,0,0,0,0,0,0,0,0,0,0,0,0,0,0,0,0,0,0,0,0,0,0,0,0,0,0,0,0,0,0,0,0,0,0,0,0,0,0,0,0,0,0,0,0,0,0,0,0,0,0,0,0,0,0,0,0,0,0,0,0,0,0,0,0,0,0,0,0,0,0,0,0,0,0,0,0,0,0,0,0,0,0,0,0,0,0,0,0,0,0,0,0,0,0,0,0,0,0,0,0,0,0,0,0,0,0,0,0,0,0,0,0,0,0,0,0,0,0,0,0,0,0,0,0,0,0,0,0,0,0,0,0,0,0,0,0,0,0,0,0,0,0,0,0,0,0,0,0,0,0,0,0,0,0,0,0,0,0,0,0,0,0,0,0,0,0,0,0,0,0,0,0,0,0,0,0,0,0,0,0,0,0,0,0,0,0,0,0,0,0,0,0,0,0,0,0,0,0,0,0,0,0,0,0,0,0,0,0,0,0,0,0,0,0,0,0,0,0,0,0,0,0,0,0,0,0,0,0,0,0,0,0,0,0,0,0,0,0,0,0,0,0,0,0,0,0,0,0,0,0,0,0,0,0,0,0,0,0,0,0,0,0,0,0,0,0,0,0,0,0,0,0,0,0,0,0,0,0,0,0,0,0,0,0,0,0,0,0,0,0,0,0,0,0,0,0,0,0,0,0,0,0,0,0,0,0,0,0,0,0,0,0,0,0,0,0,0,0,0,0,0,0,0,0,0,0,0,0,0,0,0,0,0,0,0,0,0,0,0,0,0,0,0,0,0,0,0,0,0,0,0,0,0,0,0,0,0,0,0,0,0,0,0,0,0,0,0,0,0,0,0,0,0,0,0,0,0,0,0,0,0,0,0,0,0,0,0,0,0,0,0,0,0,0,0,0,0,0,0,0,0,0,0,0,0,0,0,0,0,0,0,0,0,0,0,0,0,0,0,0,0,0,0,0,0,0,0,0,0,0,0,0,0,0,0,0,0,0,0,0,0,0,0,0,0,0,0,0,0,0,0,0,0,0,0,0,0,0,0,0,0,0,0,0,0,0,0,0,0,0,0,0,0,0,0,0,0,0,0,0,0,0,0,0,0,0,0,0,0,0,0,0,0,0,0,22,404,2333,4202,4448,5903,6256,7857,10100,11968,14243,15942,16742,17189,16192,17515,9812,822,
24892,24952,23748,30375,28770,21418,9194,3382,287,11,1,1,4,3,0,0,0,0,0,0,0,0,0,0,0,0,0,0,0,0,0,0,0,0,0,0,0,0,0,0,0,0,0,0,0,0,0,0,0,0,0,0,0,0,0,0,0,0,0,0,0,0,0,0,0,0,0,0,0,0,0,0,0,0,0,0,0,0,0,0,0,0,0,0,0,0,0,0,0,0,0,0,0,0,0,0,0,0,0,0,0,0,0,0,0,0,0,0,0,0,0,0,0,0,0,0,0,0,0,0,0,0,0,0,0,0,0,0,0,0,0,0,0,0,0,0,0,0,0,0,0,0,0,0,0,0,0,0,0,0,0,0,0,0,0,0,0,0,0,0,0,0,0,0,0,0,0,0,0,0,0,0,0,0,0,0,0,0,0,0,0,0,0,0,0,0,0,0,0,0,0,0,0,0,0,0,0,0,0,0,0,0,0,0,0,0,0,0,0,0,0,0,0,0,0,0,0,0,0,0,0,0,0,0,0,0,0,0,0,0,0,0,0,0,0,0,0,0,0,0,0,0,0,0,0,0,0,0,0,0,0,0,0,0,0,0,0,0,0,0,0,0,0,0,0,0,0,0,0,0,0,0,0,0,0,0,0,0,0,0,0,0,0,0,0,0,0,0,0,0,0,0,0,0,0,0,0,0,0,0,0,0,0,0,0,0,0,0,0,0,0,0,0,0,0,0,0,0,0,0,0,0,0,0,0,0,0,0,0,0,0,0,0,0,0,0,0,0,0,0,0,0,0,0,0,0,0,0,0,0,0,0,0,0,0,0,0,0,0,0,0,0,0,0,0,0,0,0,0,0,0,0,0,0,0,0,0,0,0,0,0,0,0,0,0,0,0,0,0,0,0,0,0,0,0,0,0,0,0,0,0,0,0,0,0,0,0,0,0,0,0,0,0,0,0,0,0,0,0,0,0,0,0,0,0,0,0,0,0,0,0,0,0,0,0,0,0,0,0,0,0,0,0,0,0,0,0,0,0,0,0,0,0,0,0,0,0,0,0,0,0,0,0,0,0,0,0,0,0,0,0,0,0,0,0,0,0,0,0,0,0,0,0,0,0,0,0,0,0,0,0,0,0,0,0,0,0,0,0,0,0,0,0,0,0,0,0,0,0,0,0,0,0,0,0,0,0,0,0,0,0,0,0,0,0,0,0,0,0,0,0,0,0,0,0,0,0,0,0,0,0,0,0,0,0,0,0,0,0,0,0,0,0,0,0,0,0,0,0,0,0,0,0,0,0,0,0,0,0,0,0,0,0,0,0,0,0,0,0,0,0,0,0,0,0,0,0,0,0,0,0,0,0,0,0,0,0,0,0,0,0,0,0,0,0,0,0,0,0,0,0,0,0,0,0,0,0,0,0,0,0,0,0,0,0,0,0,0,0,0,0,0,0,0,0,0,0,0,0,0,0,0,0,0,0,0,0,0,0,0,0,0,0,0,0,0,0,0,0,0,0,0,0,0,0,0,0,0,0,0,0,0,0,0,0,0,0,0,2,3,23,323,1554,3540,3708,4036,5596,4920,5176,4966,5678,5315,6849,5296,6341,5452,5841,5717,8755,13729,14594,12744,15692,17418,13446,12175,12224,10947,7907,5118,4702,2343,380,
26270,13181,83,167,979,6127,22026,28923,32452,23968,12612,1349,75,47,8,469,104,3,35,375,0,0,0,0,0,0,0,0,0,0,0,0,0,0,0,0,0,0,0,0,0,0,0,0,0,0,0,0,0,0,0,0,0,0,0,0,0,0,0,0,0,0,0,0,0,0,0,0,0,0,0,0,0,0,0,0,0,0,0,0,0,0,0,0,0,0,0,0,0,0,0,0,0,0,0,0,0,0,0,0,0,0,0,0,0,0,0,0,0,0,0,0,0,0,0,0,0,0,0,0,0,0,0,0,0,0,0,0,0,0,0,0,0,0,0,0,0,0,0,0,0,0,0,0,0,0,0,0,0,0,0,0,0,0,0,0,0,0,0,0,0,0,0,0,0,0,0,0,0,0,0,0,0,0,0,0,0,0,0,0,0,0,0,0,0,0,0,0,0,0,0,0,0,0,0,0,0,0,0,0,0,0,0,0,0,0,0,0,0,0,0,0,0,0,0,0,0,0,0,0,0,0,0,0,0,0,0,0,0,0,0,0,0,0,0,0,0,0,0,0,0,0,0,0,0,0,0,0,0,0,0,0,0,0,0,0,0,0,0,0,0,0,0,0,0,0,0,0,0,0,0,0,0,0,0,0,0,0,0,0,0,0,0,0,0,0,0,0,0,0,0,0,0,0,0,0,0,0,0,0,0,0,0,0,0,0,0,0,0,0,0,0,0,0,0,0,0,0,0,0,0,0,0,0,0,0,0,0,0,0,0,0,0,0,0,0,0,0,0,0,0,0,0,0,0,0,0,0,0,0,0,0,0,0,0,0,0,0,0,0,0,0,0,0,0,0,0,0,0,0,0,0,0,0,0,0,0,0,0,0,0,0,0,0,0,0,0,0,0,0,0,0,0,0,0,0,0,0,0,0,0,0,0,0,0,0,0,0,0,0,0,0,0,0,0,0,0,0,0,0,0,0,0,0,0,0,0,0,0,0,0,0,0,0,0,0,0,0,0,0,0,0,0,0,0,0,0,0,0,0,0,0,0,0,0,0,0,0,0,0,0,0,0,0,0,0,0,0,0,0,0,0,0,0,0,0,0,0,0,0,0,0,0,0,0,0,0,0,0,0,0,0,0,0,0,0,0,0,0,0,0,0,0,0,0,0,0,0,0,0,0,0,0,0,0,0,0,0,0,0,0,0,0,0,0,0,0,0,0,0,0,0,0,0,0,0,0,0,0,0,0,0,0,0,0,0,0,0,0,0,0,0,0,0,0,0,0,0,0,0,0,0,0,0,0,0,0,0,0,0,0,0,0,0,0,0,0,0,0,0,0,0,0,0,0,0,0,0,0,0,0,0,0,0,0,0,0,0,0,0,0,0,0,0,0,0,0,0,0,0,0,0,0,0,0,0,0,0,0,0,0,0,0,0,0,0,0,0,0,0,0,0,0,0,0,0,0,0,0,0,0,0,0,0,0,0,0,0,0,0,0,0,0,0,0,0,0,0,0,0,3,1,10,216,1953,4193,3821,5523,6933,7502,5774,6309,7297,5477,6853,6440,6865,5428,7242,5836,5933,4913,3145,2144,1732,1043,10,60,1124,5024,6647,6398,11065,14541,11953,11469,14496,11506,7152,5085,4844,3130,717,
31020,1993,295,61,5,6,9,65,1486,11040,29052,42399,31299,14462,74,6,5,4,5,3,1,11,17,8,463,20,10,400,13,0,0,0,0,0,0,0,0,0,0,0,0,0,0,0,0,0,0,0,0,0,0,0,0,0,0,0,0,0,0,0,0,0,0,0,0,0,0,0,0,0,0,0,0,0,0,0,0,0,0,0,0,0,0,0,0,0,0,0,0,0,0,0,0,0,0,0,0,0,0,0,0,0,0,0,0,0,0,0,0,0,0,0,0,0,0,0,0,0,0,0,0,0,0,0,0,0,0,0,0,0,0,0,0,0,0,0,0,0,0,0,0,0,0,0,0,0,0,0,0,0,0,0,0,0,0,0,0,0,0,0,0,0,0,0,0,0,0,0,0,0,0,0,0,0,0,0,0,0,0,0,0,0,0,0,0,0,0,0,0,0,0,0,0,0,0,0,0,0,0,0,0,0,0,0,0,0,0,0,0,0,0,0,0,0,0,0,0,0,0,0,0,0,0,0,0,0,0,0,0,0,0,0,0,0,0,0,0,0,0,0,0,0,0,0,0,0,0,0,0,0,0,0,0,0,0,0,0,0,0,0,0,0,0,0,0,0,0,0,0,0,0,0,0,0,0,0,0,0,0,0,0,0,0,0,0,0,0,0,0,0,0,0,0,0,0,0,0,0,0,0,0,0,0,0,0,0,0,0,0,0,0,0,0,0,0,0,0,0,0,0,0,0,0,0,0,0,0,0,0,0,0,0,0,0,0,0,0,0,0,0,0,0,0,0,0,0,0,0,0,0,0,0,0,0,0,0,0,0,0,0,0,0,0,0,0,0,0,0,0,0,0,0,0,0,0,0,0,0,0,0,0,0,0,0,0,0,0,0,0,0,0,0,0,0,0,0,0,0,0,0,0,0,0,0,0,0,0,0,0,0,0,0,0,0,0,0,0,0,0,0,0,0,0,0,0,0,0,0,0,0,0,0,0,0,0,0,0,0,0,0,0,0,0,0,0,0,0,0,0,0,0,0,0,0,0,0,0,0,0,0,0,0,0,0,0,0,0,0,0,0,0,0,0,0,0,0,0,0,0,0,0,0,0,0,0,0,0,0,0,0,0,0,0,0,0,0,0,0,0,0,0,0,0,0,0,0,0,0,0,0,0,0,0,0,0,0,0,0,0,0,0,0,0,0,0,0,0,0,0,0,0,0,0,0,0,0,0,0,0,0,0,0,0,0,0,0,0,0,0,0,0,0,0,0,0,0,0,0,0,0,0,0,0,0,0,0,0,0,0,0,0,0,0,0,0,0,0,0,0,0,0,0,0,0,0,0,0,0,0,0,0,0,0,0,0,0,0,0,0,0,0,0,0,0,0,0,0,0,0,0,0,0,0,0,0,0,0,0,0,0,0,0,0,0,0,0,0,0,0,0,0,0,0,0,0,0,0,0,0,0,0,0,0,0,0,5,78,970,4195,5155,7224,6708,6721,7481,7232,6687,6623,6757,6951,7332,6445,6343,5850,5197,3395,2138,1108,402,0,0,0,0,0,0,0,4,53,530,3209,7204,5214,8947,10908,10385,11285,9827,12446,10464,7805,5248,4444,3358,985,
30489,446,127,0,0,10,7,3,0,3,64,1261,13950,37227,43029,27971,7717,0,0,6,10,6,4,0,0,0,0,0,12,12,462,23,50,440,0,0,0,0,0,0,0,0,0,0,0,0,0,0,0,0,0,0,0,0,0,0,0,0,0,0,0,0,0,0,0,0,0,0,0,0,0,0,0,0,0,0,0,0,0,0,0,0,0,0,0,0,0,0,0,0,0,0,0,0,0,0,0,0,0,0,0,0,0,0,0,0,0,0,0,0,0,0,0,0,0,0,0,0,0,0,0,0,0,0,0,0,0,0,0,0,0,0,0,0,0,0,0,0,0,0,0,0,0,0,0,0,0,0,0,0,0,0,0,0,0,0,0,0,0,0,0,0,0,0,0,0,0,0,0,0,0,0,0,0,0,0,0,0,0,0,0,0,0,0,0,0,0,0,0,0,0,0,0,0,0,0,0,0,0,0,0,0,0,0,0,0,0,0,0,0,0,0,0,0,0,0,0,0,0,0,0,0,0,0,0,0,0,0,0,0,0,0,0,0,0,0,0,0,0,0,0,0,0,0,0,0,0,0,0,0,0,0,0,0,0,0,0,0,0,0,0,0,0,0,0,0,0,0,0,0,0,0,0,0,0,0,0,0,0,0,0,0,0,0,0,0,0,0,0,0,0,0,0,0,0,0,0,0,0,0,0,0,0,0,0,0,0,0,0,0,0,0,0,0,0,0,0,0,0,0,0,0,0,0,0,0,0,0,0,0,0,0,0,0,0,0,0,0,0,0,0,0,0,0,0,0,0,0,0,0,0,0,0,0,0,0,0,0,0,0,0,0,0,0,0,0,0,0,0,0,0,0,0,0,0,0,0,0,0,0,0,0,0,0,0,0,0,0,0,0,0,0,0,0,0,0,0,0,0,0,0,0,0,0,0,0,0,0,0,0,0,0,0,0,0,0,0,0,0,0,0,0,0,0,0,0,0,0,0,0,0,0,0,0,0,0,0,0,0,0,0,0,0,0,0,0,0,0,0,0,0,0,0,0,0,0,0,0,0,0,0,0,0,0,0,0,0,0,0,0,0,0,0,0,0,0,0,0,0,0,0,0,0,0,0,0,0,0,0,0,0,0,0,0,0,0,0,0,0,0,0,0,0,0,0,0,0,0,0,0,0,0,0,0,0,0,0,0,0,0,0,0,0,0,0,0,0,0,0,0,0,0,0,0,0,0,0,0,0,0,0,0,0,0,0,0,0,0,0,0,0,0,0,0,0,0,0,0,0,0,0,0,0,0,0,0,0,0,0,0,0,0,0,0,0,0,0,0,0,0,0,0,0,0,0,0,0,0,0,0,0,0,0,0,0,0,0,0,0,0,0,0,0,0,0,0,0,0,0,0,0,0,0,0,0,0,0,0,0,0,0,0,0,0,0,0,0,0,0,0,27,385,3119,4955,7045,8175,7356,8287,6083,7230,6729,7530,6820,7306,6885,6273,6806,3898,2290,1088,155,0,0,0,0,0,0,0,0,0,0,0,3,69,367,474,109,742,3633,6802,8686,10615,10580,11159,10432,10957,11468,10012,6334,3581,3314,905,
30299,208,18,0,1,2,5,3,0,0,0,1,13,130,2086,22884,55127,44483,11208,0,0,5,7,8,4,1,0,0,0,0,0,0,0,8,1,353,241,343,28,0,0,0,0,0,0,0,0,0,0,0,0,0,0,0,0,0,0,0,0,0,0,0,0,0,0,0,0,0,0,0,0,0,0,0,0,0,0,0,0,0,0,0,0,0,0,0,0,0,0,0,0,0,0,0,0,0,0,0,0,0,0,0,0,0,0,0,0,0,0,0,0,0,0,0,0,0,0,0,0,0,0,0,0,0,0,0,0,0,0,0,0,0,0,0,0,0,0,0,0,0,0,0,0,0,0,0,0,0,0,0,0,0,0,0,0,0,0,0,0,0,0,0,0,0,0,0,0,0,0,0,0,0,0,0,0,0,0,0,0,0,0,0,0,0,0,0,0,0,0,0,0,0,0,0,0,0,0,0,0,0,0,0,0,0,0,0,0,0,0,0,0,0,0,0,0,0,0,0,0,0,0,0,0,0,0,0,0,0,0,0,0,0,0,0,0,0,0,0,0,0,0,0,0,0,0,0,0,0,0,0,0,0,0,0,0,0,0,0,0,0,0,0,0,0,0,0,0,0,0,0,0,0,0,0,0,0,0,0,0,0,0,0,0,0,0,0,0,0,0,0,0,0,0,0,0,0,0,0,0,0,0,0,0,0,0,0,0,0,0,0,0,0,0,0,0,0,0,0,0,0,0,0,0,0,0,0,0,0,0,0,0,0,0,0,0,0,0,0,0,0,0,0,0,0,0,0,0,0,0,0,0,0,0,0,0,0,0,0,0,0,0,0,0,0,0,0,0,0,0,0,0,0,0,0,0,0,0,0,0,0,0,0,0,0,0,0,0,0,0,0,0,0,0,0,0,0,0,0,0,0,0,0,0,0,0,0,0,0,0,0,0,0,0,0,0,0,0,0,0,0,0,0,0,0,0,0,0,0,0,0,0,0,0,0,0,0,0,0,0,0,0,0,0,0,0,0,0,0,0,0,0,0,0,0,0,0,0,0,0,0,0,0,0,0,0,0,0,0,0,0,0,0,0,0,0,0,0,0,0,0,0,0,0,0,0,0,0,0,0,0,0,0,0,0,0,0,0,0,0,0,0,0,0,0,0,0,0,0,0,0,0,0,0,0,0,0,0,0,0,0,0,0,0,0,0,0,0,0,0,0,0,0,0,0,0,0,0,0,0,0,0,0,0,0,0,0,0,0,0,0,0,0,0,0,0,0,0,0,0,0,0,0,0,0,0,0,0,0,0,0,0,0,0,0,0,0,0,0,0,0,0,0,0,0,0,0,0,0,0,0,0,0,0,0,0,0,0,0,0,0,0,0,0,0,0,0,0,0,0,0,0,0,3,30,146,474,561,694,4286,6622,7099,7175,6685,7272,7134,7947,7346,7042,7402,7306,7002,6168,3319,1352,473,0,0,0,0,0,0,0,0,0,0,0,0,0,1,11,60,338,616,259,336,11,244,2392,6275,8393,10990,10290,11335,10410,9894,9713,10105,8315,5821,3171,1396,
28307,192,2,0,0,5,11,6,0,0,1,1,0,0,0,15,646,11377,38624,56188,27578,2536,0,0,2,7,10,3,0,0,0,0,0,0,0,0,0,4,70,429,170,220,0,0,0,0,0,0,0,0,0,0,0,0,0,0,0,0,0,0,0,0,0,0,0,0,0,0,0,0,0,0,0,0,0,0,0,0,0,0,0,0,0,0,0,0,0,0,0,0,0,0,0,0,0,0,0,0,0,0,0,0,0,0,0,0,0,0,0,0,0,0,0,0,0,0,0,0,0,0,0,0,0,0,0,0,0,0,0,0,0,0,0,0,0,0,0,0,0,0,0,0,0,0,0,0,0,0,0,0,0,0,0,0,0,0,0,0,0,0,0,0,0,0,0,0,0,0,0,0,0,0,0,0,0,0,0,0,0,0,0,0,0,0,0,0,0,0,0,0,0,0,0,0,0,0,0,0,0,0,0,0,0,0,0,0,0,0,0,0,0,0,0,0,0,0,0,0,0,0,0,0,0,0,0,0,0,0,0,0,0,0,0,0,0,0,0,0,0,0,0,0,0,0,0,0,0,0,0,0,0,0,0,0,0,0,0,0,0,0,0,0,0,0,0,0,0,0,0,0,0,0,0,0,0,0,0,0,0,0,0,0,0,0,0,0,0,0,0,0,0,0,0,0,0,0,0,0,0,0,0,0,0,0,0,0,0,0,0,0,0,0,0,0,0,0,0,0,0,0,0,0,0,0,0,0,0,0,0,0,0,0,0,0,0,0,0,0,0,0,0,0,0,0,0,0,0,0,0,0,0,0,0,0,0,0,0,0,0,0,0,0,0,0,0,0,0,0,0,0,0,0,0,0,0,0,0,0,0,0,0,0,0,0,0,0,0,0,0,0,0,0,0,0,0,0,0,0,0,0,0,0,0,0,0,0,0,0,0,0,0,0,0,0,0,0,0,0,0,0,0,0,0,0,0,0,0,0,0,0,0,0,0,0,0,0,0,0,0,0,0,0,0,0,0,0,0,0,0,0,0,0,0,0,0,0,0,0,0,0,0,0,0,0,0,0,0,0,0,0,0,0,0,0,0,0,0,0,0,0,0,0,0,0,0,0,0,0,0,0,0,0,0,0,0,0,0,0,0,0,0,0,0,0,0,0,0,0,0,0,0,0,0,0,0,0,0,0,0,0,0,0,0,0,0,0,0,0,0,0,0,0,0,0,0,0,0,0,0,0,0,0,0,0,0,0,0,0,0,0,0,0,0,0,0,0,0,0,0,0,0,0,0,0,0,0,0,0,0,0,0,0,0,0,0,0,0,0,0,0,0,0,0,0,0,0,0,0,0,0,0,0,0,0,0,0,1,21,175,786,449,218,18,32,719,5987,7518,7761,7553,7844,7500,7730,7842,8034,7790,7463,7095,5977,2560,1329,69,0,0,0,0,0,0,0,0,0,0,0,0,0,0,0,0,37,519,570,332,319,0,0,0,4,50,1127,5925,8143,11442,11036,10422,11521,10268,11386,11291,7501,3473,1428,
23336,97,0,0,0,3,10,0,0,0,0,0,0,2,6,67,367,826,1166,5646,38173,59152,32391,3222,0,0,1,13,5,5,0,0,0,0,0,0,0,0,0,0,0,5,487,87,188,1,0,0,0,0,0,0,0,0,0,0,0,0,0,0,0,0,0,0,0,0,0,0,0,0,0,0,0,0,0,0,0,0,0,0,0,0,0,0,0,0,0,0,0,0,0,0,0,0,0,0,0,0,0,0,0,0,0,0,0,0,0,0,0,0,0,0,0,0,0,0,0,0,0,0,0,0,0,0,0,0,0,0,0,0,0,0,0,0,0,0,0,0,0,0,0,0,0,0,0,0,0,0,0,0,0,0,0,0,0,0,0,0,0,0,0,0,0,0,0,0,0,0,0,0,0,0,0,0,0,0,0,0,0,0,0,0,0,0,0,0,0,0,0,0,0,0,0,0,0,0,0,0,0,0,0,0,0,0,0,0,0,0,0,0,0,0,0,0,0,0,0,0,0,0,0,0,0,0,0,0,0,0,0,0,0,0,0,0,0,0,0,0,0,0,0,0,0,0,0,0,0,0,0,0,0,0,0,0,0,0,0,0,0,0,0,0,0,0,0,0,0,0,0,0,0,0,0,0,0,0,0,0,0,0,0,0,0,0,0,0,0,0,0,0,0,0,0,0,0,0,0,0,0,0,0,0,0,0,0,0,0,0,0,0,0,0,0,0,0,0,0,0,0,0,0,0,0,0,0,0,0,0,0,0,0,0,0,0,0,0,0,0,0,0,0,0,0,0,0,0,0,0,0,0,0,0,0,0,0,0,0,0,0,0,0,0,0,0,0,0,0,0,0,0,0,0,0,0,0,0,0,0,0,0,0,0,0,0,0,0,0,0,0,0,0,0,0,0,0,0,0,0,0,0,0,0,0,0,0,0,0,0,0,0,0,0,0,0,0,0,0,0,0,0,0,0,0,0,0,0,0,0,0,0,0,0,0,0,0,0,0,0,0,0,0,0,0,0,0,0,0,0,0,0,0,0,0,0,0,0,0,0,0,0,0,0,0,0,0,0,0,0,0,0,0,0,0,0,0,0,0,0,0,0,0,0,0,0,0,0,0,0,0,0,0,0,0,0,0,0,0,0,0,0,0,0,0,0,0,0,0,0,0,0,0,0,0,0,0,0,0,0,0,0,0,0,0,0,0,0,0,0,0,0,0,0,0,0,0,0,0,0,0,0,0,0,0,0,0,0,0,0,0,0,0,0,0,0,0,0,0,0,0,0,0,0,0,0,0,0,0,0,0,0,0,0,0,0,0,0,0,0,0,0,0,5,40,306,689,153,55,0,0,0,0,21,438,4239,7692,9262,9371,8449,9210,8215,8520,8875,8023,8282,4902,2537,612,0,0,0,0,0,0,0,0,0,0,0,0,0,0,0,0,0,2,36,342,627,177,147,0,0,0,0,0,1,12,333,4154,6910,9520,10453,13204,11202,11578,11546,10978,8154,4380,2175,21,
21896,322,7,0,0,2,26,6,0,0,0,0,0,0,0,0,0,0,2,14,119,2743,28610,66008,39886,3956,0,0,0,9,15,7,0,0,0,0,0,0,0,0,0,0,0,178,240,189,122,14,0,0,0,0,0,0,0,0,0,0,0,0,0,0,0,0,0,0,0,0,0,0,0,0,0,0,0,0,0,0,0,0,0,0,0,0,0,0,0,0,0,0,0,0,0,0,0,0,0,0,0,0,0,0,0,0,0,0,0,0,0,0,0,0,0,0,0,0,0,0,0,0,0,0,0,0,0,0,0,0,0,0,0,0,0,0,0,0,0,0,0,0,0,0,0,0,0,0,0,0,0,0,0,0,0,0,0,0,0,0,0,0,0,0,0,0,0,0,0,0,0,0,0,0,0,0,0,0,0,0,0,0,0,0,0,0,0,0,0,0,0,0,0,0,0,0,0,0,0,0,0,0,0,0,0,0,0,0,0,0,0,0,0,0,0,0,0,0,0,0,0,0,0,0,0,0,0,0,0,0,0,0,0,0,0,0,0,0,0,0,0,0,0,0,0,0,0,0,0,0,0,0,0,0,0,0,0,0,0,0,0,0,0,0,0,0,0,0,0,0,0,0,0,0,0,0,0,0,0,0,0,0,0,0,0,0,0,0,0,0,0,0,0,0,0,0,0,0,0,0,0,0,0,0,0,0,0,0,0,0,0,0,0,0,0,0,0,0,0,0,0,0,0,0,0,0,0,0,0,0,0,0,0,0,0,0,0,0,0,0,0,0,0,0,0,0,0,0,0,0,0,0,0,0,0,0,0,0,0,0,0,0,0,0,0,0,0,0,0,0,0,0,0,0,0,0,0,0,0,0,0,0,0,0,0,0,0,0,0,0,0,0,0,0,0,0,0,0,0,0,0,0,0,0,0,0,0,0,0,0,0,0,0,0,0,0,0,0,0,0,0,0,0,0,0,0,0,0,0,0,0,0,0,0,0,0,0,0,0,0,0,0,0,0,0,0,0,0,0,0,0,0,0,0,0,0,0,0,0,0,0,0,0,0,0,0,0,0,0,0,0,0,0,0,0,0,0,0,0,0,0,0,0,0,0,0,0,0,0,0,0,0,0,0,0,0,0,0,0,0,0,0,0,0,0,0,0,0,0,0,0,0,0,0,0,0,0,0,0,0,0,0,0,0,0,0,0,0,0,0,0,0,0,0,0,0,0,0,0,0,0,0,0,0,0,0,0,0,0,0,0,0,0,0,0,0,0,0,0,0,0,0,0,0,0,0,0,0,0,6,57,297,779,170,134,0,0,0,0,2,29,367,2913,2886,3976,4724,4962,10025,12397,8611,8612,9373,8673,8472,7591,3704,482,1,0,0,0,0,0,0,0,0,0,0,0,0,0,0,0,0,0,6,119,586,334,329,25,0,0,0,0,0,1,22,222,2501,3258,4616,5325,8302,9604,11646,10882,10841,10382,11182,6994,4918,586,
28933,600,25,0,0,5,18,2,0,0,0,0,0,0,0,0,0,0,0,0,1,12,219,3768,39022,48113,2396,0,0,0,2,6,5,0,0,0,0,0,0,0,0,0,0,0,1,177,187,874,740,91,21,1,1,0,0,0,0,0,0,0,0,0,0,0,0,0,0,0,0,0,0,0,0,0,0,0,0,0,0,0,0,0,0,0,0,0,0,0,0,0,0,0,0,0,0,0,0,0,0,0,0,0,0,0,0,0,0,0,0,0,0,0,0,0,0,0,0,0,0,0,0,0,0,0,0,0,0,0,0,0,0,0,0,0,0,0,0,0,0,0,0,0,0,0,0,0,0,0,0,0,0,0,0,0,0,0,0,0,0,0,0,0,0,0,0,0,0,0,0,0,0,0,0,0,0,0,0,0,0,0,0,0,0,0,0,0,0,0,0,0,0,0,0,0,0,0,0,0,0,0,0,0,0,0,0,0,0,0,0,0,0,0,0,0,0,0,0,0,0,0,0,0,0,0,0,0,0,0,0,0,0,0,0,0,0,0,0,0,0,0,0,0,0,0,0,0,0,0,0,0,0,0,0,0,0,0,0,0,0,0,0,0,0,0,0,0,0,0,0,0,0,0,0,0,0,0,0,0,0,0,0,0,0,0,0,0,0,0,0,0,0,0,0,0,0,0,0,0,0,0,0,0,0,0,0,0,0,0,0,0,0,0,0,0,0,0,0,0,0,0,0,0,0,0,0,0,0,0,0,0,0,0,0,0,0,0,0,0,0,0,0,0,0,0,0,0,0,0,0,0,0,0,0,0,0,0,0,0,0,0,0,0,0,0,0,0,0,0,0,0,0,0,0,0,0,0,0,0,0,0,0,0,0,0,0,0,0,0,0,0,0,0,0,0,0,0,0,0,0,0,0,0,0,0,0,0,0,0,0,0,0,0,0,0,0,0,0,0,0,0,0,0,0,0,0,0,0,0,0,0,0,0,0,0,0,0,0,0,0,0,0,0,0,0,0,0,0,0,0,0,0,0,0,0,0,0,0,0,0,0,0,0,0,0,0,0,0,0,0,0,0,0,0,0,0,0,0,0,0,0,0,0,0,0,0,0,0,0,0,0,0,0,0,0,0,0,0,0,0,0,0,0,0,0,0,0,0,0,0,0,0,0,0,0,0,0,0,0,0,0,0,0,0,0,0,0,0,0,0,0,0,0,51,1219,3908,6667,5101,6141,5396,7119,7210,6585,5466,7192,5671,6695,5943,6530,6867,5541,6764,5536,6098,6268,7089,5821,4835,1785,606,210,0,0,0,0,0,0,0,0,0,0,0,0,0,0,0,0,0,0,0,0,0,0,0,0,0,0,0,0,0,0,0,1,124,1867,6740,9483,8488,9809,8800,9728,9992,8761,8931,8828,7107,2371,329,
23154,1211,519,0,0,1,29,2,0,0,0,0,0,0,0,0,0,0,0,0,0,0,4,153,3212,29811,57438,12257,0,0,0,2,10,7,0,0,0,0,0,0,0,0,0,0,0,0,0,0,0,0,0,0,0,0,0,0,0,19,42,666,1046,170,55,12,2,1,0,0,0,0,0,0,0,0,0,0,0,0,0,0,0,0,0,0,0,0,0,0,0,0,0,0,0,0,0,0,0,0,0,0,0,0,0,0,0,0,0,0,0,0,0,0,0,0,0,0,0,0,0,0,0,0,0,0,0,0,0,0,0,0,0,0,0,0,0,0,0,0,0,0,0,0,0,0,0,0,0,0,0,0,0,0,0,0,0,0,0,0,0,0,0,0,0,0,0,0,0,0,0,0,0,0,0,0,0,0,0,0,0,0,0,0,0,0,0,0,0,0,0,0,0,0,0,0,0,0,0,0,0,0,0,0,0,0,0,0,0,0,0,0,0,0,0,0,0,0,0,0,0,0,0,0,0,0,0,0,0,0,0,0,0,0,0,0,0,0,0,0,0,0,0,0,0,0,0,0,0,0,0,0,0,0,0,0,0,0,0,0,0,0,0,0,0,0,0,0,0,0,0,0,0,0,0,0,0,0,0,0,0,0,0,0,0,0,0,0,0,0,0,0,0,0,0,0,0,0,0,0,0,0,0,0,0,0,0,0,0,0,0,0,0,0,0,0,0,0,0,0,0,0,0,0,0,0,0,0,0,0,0,0,0,0,0,0,0,0,0,0,0,0,0,0,0,0,0,0,0,0,0,0,0,0,0,0,0,0,0,0,0,0,0,0,0,0,0,0,0,0,0,0,0,0,0,0,0,0,0,0,0,0,0,0,0,0,0,0,0,0,0,0,0,0,0,0,0,0,0,0,0,0,0,0,0,0,0,0,0,0,0,0,0,0,0,0,0,0,0,0,0,0,0,0,0,0,0,0,0,0,0,0,0,0,0,0,0,0,0,0,0,0,0,0,0,0,0,0,0,0,0,0,0,0,0,0,0,0,0,0,0,0,0,0,0,0,0,0,0,0,0,0,0,0,0,0,0,0,0,0,0,0,0,0,0,0,0,0,0,0,0,0,0,0,0,0,0,0,0,0,0,0,0,0,0,0,0,0,0,0,0,0,0,0,0,0,0,0,0,0,36,1159,8194,7312,8072,15261,11939,5489,6368,7086,5289,6614,5760,5307,4749,3566,1289,641,40,0,0,0,0,0,0,0,0,0,0,0,0,0,0,0,0,0,0,0,0,0,0,0,0,0,0,0,0,0,0,0,0,0,0,0,0,0,0,0,0,0,0,2,35,602,1998,3018,3874,7350,11909,10010,10337,10464,9972,10235,9489,7058,2789,42,
4492,3212,1368,0,0,0,50,0,0,0,0,0,0,0,0,0,0,0,0,0,0,0,52,2072,2648,15293,86306,20710,5315,3435,5745,3308,4451,6217,4290,4169,5309,4679,4537,4595,3995,5319,4467,5060,4045,5054,3464,5289,4587,3748,5182,4181,4261,4163,2604,3991,2923,2589,1593,783,406,
12123,16723,7202,7442,5720,7175,6582,6534,5606,7270,6229,9658,6599,9097,7241,5545,5670,5698,5262,7069,6879,5961,4097,9484,4245,2004,16235,50199,8177,0,2,2,0,12,11,
40278,49298,38300,14089,18119,8804,4103,2317,10,4,
39987,48365,30546,34576,17613,14110,8634,12865,11034,15455,13797,14180,8600,5850,488,
21788,21418,4113,2437,18757,29886,31301,14902,889,77,111,503,4530,11276,16281,17652,12444,19827,18157,17484,17228,7751,3565,551,
19836,19195,3063,0,2,67,981,12247,31904,31115,20000,1863,0,2,3,7,8,8,14,77,1156,4494,12997,12478,21324,16140,19195,18488,20768,10281,8123,294,
21830,20683,3833,0,0,5,21,27,210,3874,38509,49583,6486,0,0,0,3,11,8,1,0,0,0,0,2,24,406,404,5076,26273,38167,42616,22143,7909,3605,
21115,18674,971,0,1,5,15,4,11,238,3830,43346,46757,5645,0,0,0,5,19,12,3,0,0,0,0,0,0,0,1,95,1647,20107,52604,30451,28565,8515,2512,
15816,13745,2779,0,0,6,19,4,1,18,188,2973,34989,39619,19823,3743,0,1,5,7,7,5,0,0,0,0,0,0,0,2,2,56,824,10150,42071,25020,30206,14854,15771,4853,2574,
6543,5573,294,0,3077,3930,5782,4089,5083,6224,4666,6420,5189,5384,14582,52026,30958,27549,11602,6529,3654,5335,5009,4043,3384,3454,3820,4977,3246,4423,3877,2614,2244,1621,1415,728,219,9,
44215,22400,6231,4953,3350,4481,5738,3624,4475,7373,5080,2751,3843,2603,2528,3219,2864,3851,15566,4821,0,0,3,0,1,2,1,
118987,11627,2273,751,0,0,98,19,2,1,
123814,20557,979,132,142,128,67,21,2,
98790,23076,935,103,15,6,65,18,1,
74105,29120,34777,30040,27840,7385,308,21,0,4,0,3,
19792,1386,55,75,1880,21738,35055,30781,58771,48705,20449,18001,11908,380,1,1,6,3,2,3,
10999,10371,8105,2435,85,18,13,36,193,412,581,1032,5763,23605,26769,32912,19699,15173,6450,2721,4610,2091,3520,1710,3711,997,585,303,227,74,51,34,16,1,2,0,13,0,0,0,0,0,0,0,0,0,0,0,0,0,0,0,0,0,0,0,0,0,0,0,0,0,0,0,0,0,0,0,0,0,0,0,0,0,0,0,0,0,0,0,0,0,0,0,0,0,0,0,0,0,0,0,0,0,0,0,0,0,0,0,0,0,0,0,0,0,0,0,0,0,0,0,0,0,0,0,0,0,0,0,0,0,0,0,0,0,0,0,0,0,0,0,0,0,0,0,0,0,0,0,0,0,0,0,0,0,0,0,0,0,0,0,0,0,0,0,0,0,0,0,0,0,0,0,0,0,0,0,0,0,0,0,0,0,0,0,0,0,0,0,0,0,0,0,0,0,0,0,0,0,0,0,0,0,0,0,0,0,0,0,0,0,0,0,0,0,0,0,0,0,0,0,0,0,0,0,0,0,0,0,0,0,0,0,0,0,0,0,0,0,0,0,0,0,0,0,0,0,0,0,0,0,0,0,0,0,0,0,0,0,0,0,0,0,0,0,0,0,0,0,0,0,0,0,0,0,0,0,0,0,0,0,0,0,0,0,0,0,0,0,0,0,0,0,0,0,0,0,0,0,0,0,0,0,0,0,0,0,0,0,0,0,0,0,0,0,0,0,0,0,0,0,0,0,0,0,0,0,0,0,0,0,0,0,0,0,0,0,0,0,0,0,0,0,0,0,0,0,0,0,0,0,0,0,0,0,0,0,0,0,0,0,0,0,0,0,0,0,0,0,0,0,0,0,0,0,0,0,0,0,0,0,0,0,0,0,0,0,0,0,0,0,0,0,0,0,0,0,0,0,0,0,0,0,0,0,0,0,0,0,0,0,0,0,0,0,0,0,0,0,0,0,0,0,0,0,0,0,0,0,0,0,0,0,0,0,0,0,0,0,0,0,0,0,0,0,0,0,0,0,0,0,0,0,0,0,0,0,0,0,0,0,0,0,0,0,0,0,0,0,0,0,0,0,0,0,0,0,0,0,0,0,0,0,0,0,0,0,0,0,0,0,0,0,0,0,0,0,0,0,0,0,0,0,0,0,0,0,0,0,0,0,0,0,0,0,0,0,0,0,0,0,0,0,0,0,0,0,0,0,0,0,0,0,0,0,0,1,3,43,133,299,734,1738,1989,2476,1583,1755,1886,1966,2958,2212,2770,4596,4514,4652,3485,4139,3623,3297,2948,1273,1025,125,0,0,0,0,0,0,0,0,0,0,0,0,0,0,0,0,2,21,244,2187,14576,24638,26005,19693,5204,1053,100,0,0,0,0,0,0,0,0,0,0,0,0,0,0,0,0,0,0,0,0,0,0,0,0,0,0,0,0,0,0,0,0,0,0,0,0,0,0,0,0,0,0,0,0,0,0,0,0,0,0,0,0,0,0,0,0,0,0,0,0,0,0,0,0,0,0,0,0,0,0,0,0,0,0,0,0,0,0,0,0,0,0,0,0,0,0,0,0,0,0,0,0,0,0,0,0,0,0,0,0,0,0,0,0,0,0,0,0,0,0,0,0,0,0,0,0,0,0,0,0,0,0,0,0,0,0,0,0,0,0,0,0,0,0,0,0,0,0,0,0,0,0,0,0,0,0,0,0,0,0,0,0,0,0,0,0,0,0,0,0,0,0,0,0,0,0,0,0,0,0,0,0,0,0,0,0,0,0,0,0,0,0,0,0,0,0,0,0,0,0,0,0,0,0,0,0,0,0,0,0,0,0,0,0,0,0,0,0,0,0,0,0,0,0,0,0,0,0,0,0,0,0,0,0,0,0,0,0,0,0,0,0,0,0,0,0,0,0,0,0,0,0,0,0,0,0,0,0,0,0,0,0,0,0,0,0,0,0,0,2,0,10,42,34,78,88,43,89,124,129,134,124,108,118,141,142,121,127,134,93,55,62,26,31,26,33,46,93,121,120,190,260,283,243,215,236,150,138,129,125,114,108,108,122,109,106,113,147,118,111,74,59,48,19,27,29,38,48,84,59,56,108,126,138,145,131,149,123,127,116,121,114,76,71,47,35,21,20,34,48,72,68,60,119,131,139,120,127,129,119,156,134,119,123,109,87,41,22,24,30,30,42,80,150,142,145,204,266,266,293,283,264,289,272,278,285,242,209,276,259,269,288,343,429,393,308,214,174,127,162,168,203,181,219,199,181,172,190,177,157,166,185,201,173,223,286,279,247,225,180,196,187,171,153,107,117,113,68,106,171,200,232,232,282,312,267,295,292,285,293,257,217,151,84,50,50,53,113,101,154,128,218,291,288,261,292,300,357,386,386,397,348,328,292,191,188,153,198,233,210,225,240,202,190,164,189,159,187,216,212,139,66,83,130,148,175,194,208,212,270,308,291,304,265,265,228,224,161,144,102,64,76,115,134,72,105,131,276,311,424,399,396,371,380,383,352,214,162,94,72,65,79,105,96,89,197,218,199,283,254,268,283,291,248,188,165,150,139,149,160,168,176,183,255,303,347,262,225,221,105,55,77,101,76,116,177,205,182,164,237,196,225,236,250,307,303,303,299,257,202,173,139,60,63,79,73,145,146,74,56,50,27,28,11,7,39,58,52,54,28,1,
1146,1344,3560,8944,11331,9721,5903,156,112,711,305,1032,2931,728,1500,5674,12535,11991,8064,7146,8613,8090,7682,5005,3537,1466,93,0,1,1,3,9,119,731,44,99,0,0,0,2,19,96,576,2003,612,635,64,10,3,0,0,0,0,0,0,0,0,0,0,0,0,0,0,0,0,0,0,0,0,0,0,0,0,0,0,0,0,0,0,0,0,0,0,0,0,0,0,0,0,0,0,0,0,0,0,2,3,13,41,113,315,317,175,69,52,89,78,66,10,2,2,0,0,0,0,0,0,0,0,0,0,0,0,0,0,0,0,0,0,0,0,0,0,0,0,0,0,0,0,0,0,0,0,0,0,0,0,0,0,0,0,0,0,0,0,0,0,0,0,0,0,0,0,0,0,0,0,0,0,0,0,0,0,0,0,0,0,0,0,0,0,0,0,0,0,0,0,0,0,0,0,0,0,0,0,0,0,0,0,0,0,0,0,0,0,0,0,0,0,0,0,0,0,0,0,0,0,0,0,0,0,0,0,0,0,0,0,0,0,0,0,0,0,0,0,0,0,0,0,0,0,0,0,0,0,0,0,0,0,0,0,0,0,0,0,0,0,0,0,0,0,0,0,0,0,0,0,0,0,0,0,0,0,0,0,0,0,0,0,0,0,0,0,0,0,0,0,0,0,0,0,0,0,0,0,0,0,0,0,0,0,0,0,0,0,0,0,0,0,0,0,0,0,0,0,0,0,0,0,0,0,0,0,0,0,0,0,0,0,0,0,0,0,0,0,0,0,0,0,0,0,0,0,0,0,0,0,0,0,0,0,0,0,0,0,0,0,0,0,0,0,0,0,0,0,0,0,0,0,0,0,0,0,0,0,0,0,0,0,0,0,0,0,0,0,0,0,0,0,0,0,0,0,0,0,0,0,0,0,0,0,0,0,0,0,0,0,0,0,0,0,0,0,0,0,0,0,0,0,0,0,0,0,0,0,0,0,0,0,0,0,0,0,0,0,0,0,0,0,0,4,8,13,20,20,52,100,94,55,36,39,28,28,34,37,65,55,83,96,94,131,134,146,146,132,135,114,96,92,57,35,30,30,31,31,34,46,61,81,52,44,72,117,142,131,153,147,136,124,96,68,45,27,26,19,24,32,39,50,82,66,77,95,153,206,216,305,508,901,1458,1778,1822,1991,1965,1899,1783,1822,2387,2086,2068,1897,2017,1782,1938,2091,2488,3650,3979,4024,3714,3431,3139,3022,2656,2498,2541,2272,2486,2568,1985,1616,1428,686,109,23,14,25,37,41,77,56,67,98,128,128,142,115,141,129,110,121,125,102,81,104,205,416,1005,2312,4970,11360,21055,16466,18000,17527,9700,4483,1160,635,137,124,128,141,141,117,118,126,107,119,135,138,112,101,40,51,30,32,20,24,30,69,83,41,116,124,138,101,142,170,282,281,268,271,196,108,54,45,28,28,35,47,72,96,110,126,233,210,164,147,195,172,173,187,191,204,206,188,206,188,184,169,163,150,154,123,112,63,78,107,177,196,199,204,178,208,216,297,262,312,264,254,214,220,161,130,122,66,74,52,73,105,136,123,191,238,219,241,288,318,263,247,261,289,275,284,274,231,191,102,67,60,54,65,68,131,137,173,180,159,200,251,270,244,276,264,230,187,166,178,130,145,90,149,99,94,139,179,174,221,226,207,193,269,275,194,188,188,133,165,151,167,186,191,224,304,280,269,259,260,244,223,235,190,191,176,179,167,178,182,142,88,50,75,178,224,322,371,332,374,426,368,294,198,102,62,65,84,92,149,127,194,228,220,235,260,293,282,280,267,203,168,181,140,165,137,153,135,96,75,118,165,163,183,210,205,224,261,270,275,271,265,278,219,239,210,144,141,127,138,129,159,213,159,197,249,225,179,166,163,171,136,142,121,123,92,58,110,111,152,163,142,130,175,208,156,164,176,151,156,145,133,60,51,20,13,5,40,52,82,75,112,126,143,156,148,148,139,130,138,138,138,161,149,117,122,82,53,35,25,27,45,42,94,86,20,53,179,121,64,44,21,34,55,63,79,83,98,141,127,136,142,139,113,112,108,97,60,50,36,39,28,53,80,63,74,116,128,126,115,121,128,129,131,120,117,107,131,86,108,86,85,51,32,23,26,21,45,72,59,40,92,77,88,81,68,49,46,24,20,4,1,3,0,0,0,0,0,0,0,0,0,0,0,0,0,0,0,0,0,0,0,0,0,0,0,0,0,0,0,0,0,0,0,0,0,0,0,0,0,0,0,0,0,0,0,0,0,0,0,0,0,0,0,0,0,0,0,0,0,0,0,0,0,0,0,0,0,0,0,0,0,0,0,0,0,0,0,0,0,0,0,0,0,0,0,0,0,0,0,0,0,0,0,0,0,0,0,0,0,0,0,0,0,0,0,0,0,0,0,0,0,0,0,0,0,0,0,0,0,0,0,0,0,0,0,0,0,0,0,0,0,0,0,0,0,0,0,0,2,5,17,17,49,82,148,240,232,249,256,285,276,323,337,360,348,336,319,253,288,251,221,209,155,142,125,127,156,181,161,197,245,296,323,288,332,338,322,301,274,307,315,266,241,252,355,438,535,535,564,574,595,674,670,654,605,464,520,410,430,483,509,615,779,735,723,767,766,650,588,640,565,521,466,532,431,449,386,393,420,414,525,539,649,729,800,859,944,884,806,631,668,736,677,741,625,626,517,478,330,97,7,
57,787,218,592,1455,3123,7425,12502,11544,7223,0,0,0,1,1,10,86,1257,579,1047,275,105,145,762,3753,5272,8354,8151,7555,8564,8778,8673,6844,8286,5353,3447,3768,1956,560,2,11,1,2,0,90,64,0,0,31,106,0,0,0,0,0,0,0,0,0,0,0,7,305,22,11,5,291,66,27,32,60,179,217,198,211,185,193,191,207,203,166,135,77,57,17,1,3,19,49,94,125,230,180,210,215,210,180,192,159,154,166,142,78,69,36,35,26,61,106,127,66,153,215,183,174,161,197,202,212,189,172,178,167,90,59,32,31,34,54,95,92,73,171,191,190,202,209,164,217,151,137,144,133,151,134,135,147,135,118,71,42,29,23,33,14,7,11,36,56,101,170,158,147,140,143,142,165,123,99,46,30,29,25,23,17,31,74,138,303,204,117,150,121,135,134,128,155,150,156,121,67,44,38,17,15,9,11,30,39,43,103,158,133,137,126,124,169,145,164,131,130,121,138,141,124,113,92,104,77,63,55,55,47,51,63,59,52,52,86,124,125,132,110,132,143,120,125,101,58,52,25,23,32,30,32,60,72,66,84,130,149,137,132,160,144,140,132,142,129,61,31,25,20,19,17,7,14,18,32,82,131,108,115,130,142,123,148,115,111,170,155,130,140,125,127,111,82,43,40,27,30,27,37,57,69,88,65,90,126,149,163,153,145,136,125,126,108,154,203,146,163,155,178,188,239,197,154,127,177,129,144,125,161,211,203,274,249,209,187,199,153,179,132,143,105,90,111,86,99,166,204,242,190,227,286,310,278,292,315,293,292,299,309,262,222,274,110,70,83,117,105,97,171,178,159,203,213,264,288,241,263,251,283,284,280,243,168,95,73,50,59,55,46,56,98,146,163,241,255,293,315,280,280,275,284,199,163,116,94,85,66,75,116,105,150,211,262,264,264,271,334,281,271,270,215,202,179,185,129,107,69,82,94,119,193,208,208,194,185,243,210,251,354,357,298,268,243,207,140,132,91,89,97,148,139,132,134,152,120,127,89,73,40,33,33,38,52,63,73,100,106,162,136,128,140,164,148,151,118,95,63,28,19,22,17,13,26,51,127,207,316,381,395,446,276,150,175,218,304,537,813,1647,1780,2001,1968,2288,1865,1836,1912,2434,2130,2362,1597,1750,1410,1228,1332,1289,1470,1041,2109,2273,2565,2545,2151,2260,2543,2849,2326,2451,1997,2114,1872,1698,1455,1476,799,135,125,56,42,35,21,24,9,14,36,92,75,95,163,137,161,164,286,408,613,202,207,432,633,248,102,44,35,29,26,34,40,48,37,72,208,559,822,215,351,834,2444,3112,7236,16388,13688,671,1442,4478,5771,7013,6833,6150,4443,350,124,156,157,163,112,117,127,113,84,60,69,67,71,72,67,101,115,76,103,119,144,118,138,117,98,120,81,61,54,47,53,45,14,12,23,45,42,41,31,34,24,20,9,1,0,0,0,0,0,0,0,0,0,0,6,28,193,145,110,37,36,24,24,7,5,0,0,0,2,2,2,1,3,13,10,7,2,2,4,0,2,1,3,1,2,0,0,1,0,4,3,0,0,0,0,2,19,119,104,93,65,32,31,38,22,15,10,5,0,0,0,1,3,1,3,0,5,7,13,6,5,2,4,0,0,2,2,3,0,0,0,0,1,0,2,2,0,0,0,0,0,0,0,0,0,0,0,0,0,0,0,0,0,0,0,0,0,0,0,0,0,0,0,0,0,0,0,0,0,0,0,0,0,0,0,0,0,0,0,0,0,0,0,0,0,0,0,0,0,0,0,0,0,0,0,0,0,0,0,0,0,0,0,0,0,0,0,0,0,0,0,0,0,0,0,0,0,0,0,0,0,0,0,0,0,0,0,0,0,0,0,0,0,0,0,0,0,0,0,0,0,0,0,0,0,0,0,0,0,0,0,0,0,0,0,0,0,0,0,0,0,0,0,0,0,0,0,0,0,0,0,0,0,0,0,0,0,0,0,0,0,0,0,0,0,0,0,0,0,0,0,0,0,0,0,0,0,0,0,0,0,0,0,0,0,0,0,0,0,0,0,0,0,0,0,0,0,0,0,0,0,0,0,0,0,0,0,0,0,0,0,0,0,0,0,0,0,0,0,0,0,0,0,0,0,0,0,0,0,0,0,0,0,0,0,0,0,0,0,0,4,14,65,200,261,257,266,304,316,374,408,355,322,314,307,288,279,224,210,262,247,223,257,276,233,243,308,304,308,352,319,378,358,359,356,334,353,262,258,247,239,235,244,250,241,216,214,278,203,113,139,147,122,116,146,175,243,343,368,400,393,372,302,290,270,282,223,229,264,237,230,277,255,279,242,245,277,297,314,331,348,407,323,357,346,450,603,515,551,630,611,682,649,588,662,606,527,523,665,656,647,687,660,707,625,682,779,730,723,672,629,572,517,496,450,480,405,420,410,426,493,501,622,620,687,668,662,675,676,614,639,559,552,520,439,495,439,417,352,404,405,451,439,383,407,316,407,298,357,326,333,317,385,372,342,414,496,481,443,419,399,395,340,310,274,276,267,285,303,255,265,306,350,349,394,359,272,207,208,116,72,61,56,25,
5,0,87,367,3,22,146,763,3751,13725,12810,0,0,0,0,12,12,9,13,7,11,13,19,17,88,768,144,29,771,145,71,30,24,22,630,4400,6377,6674,8984,8316,7136,9053,9615,8110,7881,4222,5027,3428,3684,2579,14,36,18,38,84,77,37,34,27,25,25,117,216,46,70,62,58,77,55,63,206,56,71,73,81,68,85,68,92,77,92,74,94,80,81,76,79,79,67,67,67,56,65,62,71,80,87,62,86,88,98,78,86,67,74,62,62,60,79,76,93,89,68,66,39,18,29,21,28,18,13,16,13,9,15,24,37,12,37,59,64,52,26,12,38,91,82,86,73,53,87,71,62,91,78,86,113,91,88,80,79,128,119,119,57,59,30,19,31,39,89,66,55,113,164,155,119,148,163,175,154,146,115,57,51,18,22,29,52,120,91,23,26,141,129,163,117,156,139,162,141,152,164,155,150,126,149,97,94,45,33,28,37,34,63,115,64,93,135,137,148,160,120,152,156,157,127,55,61,29,21,25,35,88,91,46,78,162,182,130,157,105,33,33,63,189,418,126,15,29,134,168,153,137,158,166,154,156,170,165,164,157,158,161,157,111,78,43,40,61,84,112,121,82,159,180,184,178,153,154,164,157,163,127,108,94,55,62,57,52,86,148,64,31,132,132,128,138,132,102,93,111,52,37,25,19,16,21,49,10,16,59,36,29,16,24,3,0,0,0,0,0,0,0,0,0,0,0,0,0,0,0,0,0,0,0,0,0,0,0,0,0,0,0,0,0,0,0,0,0,0,0,0,0,0,0,0,0,0,0,0,0,0,0,0,0,0,0,0,0,0,0,1,3,13,81,100,3,0,0,0,0,0,0,0,0,0,0,0,0,0,0,0,0,0,0,0,0,0,0,0,0,0,0,0,0,0,0,0,0,0,0,0,0,0,0,0,0,0,0,0,0,0,0,0,0,0,0,0,0,0,0,0,0,0,0,0,0,0,0,0,0,0,0,0,0,0,0,0,0,0,0,0,0,0,0,0,0,0,0,0,0,0,0,0,0,0,0,0,0,0,0,0,0,0,0,0,0,0,3,54,66,87,87,112,113,0,0,0,0,0,0,0,0,0,0,0,0,1,1,7,20,65,0,0,1,25,46,94,206,221,278,1384,2154,2537,2099,2438,2438,1971,1416,353,0,0,0,0,0,0,0,0,0,0,0,0,0,0,0,0,0,0,0,0,0,0,45,149,2,82,294,0,0,0,14,162,1,17,297,0,0,0,0,0,0,0,0,0,0,0,0,0,0,3,59,521,25,0,0,0,0,4,91,809,3700,20033,14314,3546,0,0,2,31,293,3565,8426,8535,6931,7558,2516,0,0,0,0,0,0,0,0,0,0,0,0,0,0,0,0,0,0,0,0,0,0,0,0,0,0,0,0,0,0,0,0,0,0,0,0,0,0,0,0,0,0,0,0,0,0,0,0,0,0,1,14,7,0,0,0,0,0,0,0,0,0,0,0,0,0,0,0,0,0,0,0,0,0,0,0,0,0,0,0,0,0,0,0,0,0,0,0,0,0,0,0,0,0,0,0,0,0,0,0,0,0,0,0,0,0,0,0,0,0,0,0,0,0,0,0,0,0,0,0,0,0,0,0,0,0,0,0,0,0,0,0,0,3,14,0,0,0,0,0,0,0,0,0,0,0,0,0,0,0,0,0,0,0,0,0,0,0,0,0,0,0,0,0,0,0,0,0,0,0,0,0,0,0,0,0,0,0,0,0,0,0,0,0,0,0,0,0,0,0,0,0,0,0,0,0,0,0,0,0,0,0,0,0,0,0,0,0,0,0,0,0,0,0,0,0,0,0,0,0,0,0,0,0,0,1,96,333,346,300,246,302,311,269,230,252,255,205,300,248,197,262,244,264,357,329,346,351,369,354,342,292,298,238,208,260,229,206,247,248,218,250,248,181,240,250,246,270,255,213,280,305,356,384,421,436,308,373,315,324,273,221,234,285,214,241,234,255,519,409,255,305,346,310,329,340,375,367,337,237,337,325,205,231,244,227,233,280,218,242,259,219,271,310,347,436,453,426,390,408,280,289,309,194,140,141,147,117,177,230,255,224,211,256,263,282,293,286,281,316,384,654,809,741,682,734,670,658,577,473,537,446,422,387,387,452,444,431,493,416,365,381,307,257,279,296,319,295,286,302,416,476,357,321,340,315,357,403,491,496,463,462,338,408,280,304,284,317,258,291,278,240,298,354,386,397,451,440,442,364,456,310,341,293,256,279,280,280,266,288,358,381,416,353,373,383,377,275,296,303,324,302,322,329,346,341,354,334,423,376,427,400,310,262,232,200,102,98,95,48,38,5,
9,0,0,0,118,10,31,0,0,0,8,109,1,0,0,0,0,0,0,0,0,0,0,0,0,0,0,0,0,0,0,0,0,0,0,0,0,0,0,0,0,0,0,0,30,3619,4938,4444,4584,4366,7401,7073,9445,7123,7794,8537,6951,4806,4109,2900,4184,3592,1917,1101,1,0,0,1,3,0,0,0,0,0,0,0,0,0,0,0,0,0,0,0,0,0,0,0,0,0,0,0,0,0,0,0,0,0,0,0,0,0,0,0,0,0,0,0,0,0,0,0,0,43,148,0,0,0,0,0,0,0,0,0,0,0,0,0,0,0,0,0,0,0,0,0,0,0,0,0,0,0,0,0,0,0,0,0,0,0,0,0,0,0,0,0,0,0,0,0,0,0,0,0,0,0,0,0,0,0,0,0,0,0,0,0,0,0,0,0,0,0,0,0,0,0,0,0,0,0,0,0,0,0,0,0,0,0,0,0,0,0,0,0,0,0,0,0,0,0,0,0,0,0,0,0,0,0,0,0,0,0,0,0,0,0,0,0,0,0,0,0,0,0,0,0,0,0,0,0,0,0,0,0,0,0,0,0,0,0,0,0,0,0,0,0,0,0,0,0,0,0,0,0,0,0,0,0,0,0,0,0,0,0,0,0,0,0,0,0,0,0,0,0,0,0,0,0,0,0,0,0,0,0,0,0,0,0,0,0,0,0,0,0,0,0,0,0,0,0,0,0,0,0,0,0,0,0,0,0,0,0,0,0,0,0,0,0,0,0,0,0,0,0,0,0,0,0,0,0,0,0,0,0,0,0,0,0,0,0,0,0,0,0,0,0,0,0,0,0,0,0,0,0,0,0,0,0,0,0,0,0,0,0,0,0,0,0,0,0,0,0,0,0,0,0,0,0,0,0,0,0,0,0,0,0,0,0,0,0,0,0,0,0,0,0,0,0,0,0,0,0,0,0,0,0,0,0,0,0,0,0,0,0,0,0,0,0,0,0,0,0,0,0,0,0,0,0,0,0,0,0,0,0,0,0,0,0,0,0,0,0,0,0,0,0,0,0,0,0,0,0,0,0,0,0,0,0,0,0,0,0,0,0,0,0,0,0,0,0,0,0,0,0,0,0,0,0,0,0,0,0,0,0,0,0,0,0,0,0,0,0,0,0,0,0,0,0,0,0,0,0,0,0,0,0,0,0,0,0,0,0,0,24,67,0,1,40,138,0,0,0,0,0,1,59,0,0,0,74,39,0,0,0,0,0,0,0,0,0,0,0,0,0,0,0,0,0,0,0,0,0,0,0,0,0,0,0,0,0,0,2,65,2299,13116,9923,10104,5779,669,0,0,0,0,0,16,2074,6633,6420,6145,5941,6634,3241,828,0,0,0,0,0,0,0,0,0,0,0,0,0,0,0,0,0,0,0,0,0,0,0,0,0,0,0,0,0,0,0,0,0,0,0,0,0,0,0,0,0,0,0,0,0,0,0,0,0,0,0,0,0,0,0,0,0,0,0,0,0,0,0,0,0,0,0,0,0,0,0,0,0,0,0,0,0,0,0,0,0,0,0,0,0,0,0,0,0,2,33,189,222,260,323,256,230,188,243,251,222,380,298,369,336,392,343,330,262,307,293,175,279,249,212,229,231,231,300,253,232,273,232,249,244,215,211,326,291,391,319,396,341,383,287,304,341,225,228,244,188,251,235,184,244,224,186,289,353,376,385,330,372,389,293,260,366,283,250,256,221,278,315,219,280,207,190,238,346,370,368,354,397,368,368,246,342,276,264,250,222,275,271,191,232,254,230,276,269,234,272,236,187,230,239,249,365,330,373,327,426,360,302,299,276,275,241,176,101,138,136,114,140,136,128,180,240,281,188,108,0,0,0,0,0,0,0,0,0,0,0,0,0,0,2,68,211,309,369,362,316,270,308,271,408,411,450,488,359,324,281,351,199,298,294,266,280,243,283,269,304,307,298,310,246,292,381,410,418,428,454,282,407,347,329,267,262,329,280,273,259,273,419,445,423,447,471,341,375,370,302,301,257,317,261,306,228,248,360,370,398,430,423,412,323,364,276,288,278,297,292,265,312,280,311,269,259,296,254,319,332,438,404,421,400,354,332,339,283,265,230,279,248,185,3,
23,0,0,0,0,138,29,0,0,0,0,0,0,35,81,0,0,0,0,0,0,0,0,0,0,0,0,0,0,0,0,0,0,0,0,0,0,0,0,0,0,0,0,0,0,0,0,0,0,0,0,0,0,0,0,0,1,1119,5019,2599,3694,3907,4437,4682,8269,5898,7971,8235,8769,7084,5288,4344,3614,3553,4939,3213,3451,1073,0,0,1,0,0,0,0,0,0,0,0,0,0,0,0,0,0,0,0,0,0,0,0,0,0,0,0,0,0,0,0,0,0,0,0,0,0,0,0,0,0,0,0,0,0,0,0,0,0,0,0,0,0,0,0,0,0,0,0,0,0,0,0,0,0,3,234,140,2,0,0,0,0,0,0,0,0,0,0,0,0,0,0,0,0,0,0,0,0,0,0,0,0,0,0,0,0,0,0,0,0,0,0,0,0,0,0,0,0,0,0,0,0,0,0,0,0,0,0,0,0,0,0,0,0,0,0,0,0,0,0,0,0,0,0,0,0,0,0,0,0,0,0,0,0,0,0,0,0,0,0,0,0,0,0,0,0,0,0,0,0,0,0,0,0,0,0,0,0,0,0,0,0,0,0,0,0,0,0,0,0,0,0,0,0,0,0,0,0,0,0,0,0,0,0,0,0,0,0,0,0,0,0,0,0,0,0,0,0,0,0,0,0,0,0,0,0,0,0,0,0,0,0,0,0,0,0,0,0,0,0,0,0,0,0,0,0,0,0,0,0,0,0,0,0,0,0,0,0,0,0,0,0,0,0,0,0,0,0,0,0,0,0,0,0,0,0,0,0,0,0,0,0,0,0,0,0,0,0,0,0,0,0,0,0,0,0,0,0,0,0,0,0,0,0,0,0,0,0,0,0,0,0,0,0,0,0,0,0,0,0,0,0,0,0,0,0,0,0,0,0,0,0,0,0,0,0,0,0,0,0,0,0,0,0,0,0,0,0,0,0,0,0,0,0,0,0,0,0,0,0,0,0,0,0,0,0,0,0,0,0,0,0,0,0,0,0,0,0,0,0,0,0,0,0,0,0,0,0,0,0,0,0,0,0,0,0,0,0,0,0,0,0,0,0,0,0,0,0,0,0,0,0,0,0,0,0,0,0,0,0,0,0,0,0,0,0,0,0,0,0,0,0,0,0,0,0,0,0,0,0,0,0,0,0,3,87,0,0,0,0,39,62,0,0,0,0,0,0,0,87,0,0,0,0,8,80,0,0,0,0,0,0,0,0,0,0,0,0,0,0,0,0,0,0,0,0,0,0,0,0,2,21,240,335,307,355,367,394,381,407,276,348,341,292,287,201,226,303,1515,6533,8558,9351,11246,6004,153,272,223,175,268,299,275,357,577,3298,2659,5338,5626,7080,6304,7415,2274,266,244,215,247,272,185,258,316,300,375,364,421,348,396,369,346,348,381,272,217,304,259,257,262,254,231,255,243,273,420,376,375,329,358,373,281,363,302,194,307,273,210,238,245,219,294,255,211,251,236,217,289,214,251,275,342,367,337,407,347,447,319,390,239,283,268,257,274,183,134,83,94,110,173,301,320,333,392,331,315,255,274,137,110,1,0,0,0,0,0,0,0,0,0,0,0,0,0,0,0,0,0,0,0,0,0,0,0,0,0,0,0,0,0,0,0,0,0,0,0,0,0,0,0,0,0,0,0,0,0,0,1,14,173,411,332,426,412,407,445,270,375,293,324,255,244,320,286,266,289,281,310,197,285,250,348,345,381,445,411,410,378,337,357,300,260,307,314,291,297,263,244,340,406,446,445,423,391,399,369,376,257,298,332,283,329,202,280,290,399,436,456,361,415,442,394,419,280,308,276,279,292,256,334,259,297,281,220,315,236,326,395,417,405,463,365,437,456,260,300,270,376,448,406,347,325,257,222,122,
15,0,0,0,0,1,329,0,0,0,0,0,0,0,0,0,118,0,0,0,0,0,0,0,0,0,0,0,0,0,0,0,0,0,0,0,0,0,0,0,0,0,0,0,0,0,0,0,0,0,0,0,0,0,0,0,0,0,0,0,0,0,0,0,0,0,0,0,0,1,2249,3202,5569,3871,5340,5440,4968,5979,8512,9361,9986,6980,2874,3908,2822,3772,4803,3866,5363,2800,114,0,0,1,1,1,1,0,0,0,0,0,0,0,0,0,0,0,0,0,0,0,0,0,0,0,0,0,0,0,0,0,0,0,0,0,0,0,0,0,0,0,0,0,0,0,0,0,0,0,0,0,0,0,0,0,0,0,0,0,0,0,0,0,0,0,0,0,0,0,0,0,0,0,0,0,0,0,0,1,2,89,206,1,0,0,0,0,0,0,0,0,0,0,0,0,0,0,0,0,0,0,0,0,0,0,0,0,0,0,0,0,0,0,0,0,0,0,0,0,0,0,0,0,0,0,0,0,0,0,0,0,0,0,0,0,0,0,0,0,0,0,0,0,0,0,0,0,0,0,0,0,0,0,0,0,0,0,0,0,0,0,0,0,0,0,0,0,0,0,0,0,0,0,0,0,0,0,0,0,0,0,0,0,0,0,0,0,0,0,0,0,0,0,0,0,0,0,0,0,0,0,0,0,0,0,0,0,0,0,0,0,0,0,0,0,0,0,0,0,0,0,0,0,0,0,0,0,0,0,0,0,0,0,0,0,0,0,0,0,0,0,0,0,0,0,0,0,0,0,0,0,0,0,0,0,0,0,0,0,0,0,0,0,0,0,0,0,0,0,0,0,0,0,0,0,0,0,0,0,0,0,0,0,0,0,0,0,0,0,0,0,0,0,0,0,0,0,0,0,0,0,0,0,0,0,0,0,0,0,0,0,0,0,0,0,0,0,0,0,0,0,0,0,0,0,0,0,0,0,0,0,0,0,0,0,0,0,0,0,0,0,0,0,0,0,0,0,2,18,280,430,325,379,320,412,228,361,228,246,270,254,319,271,202,283,243,277,345,367,362,318,396,381,344,335,371,336,284,207,270,236,220,253,253,223,288,344,405,332,371,374,493,382,394,265,372,366,300,326,195,276,219,232,252,264,236,341,327,393,343,381,393,384,281,342,338,174,117,144,141,252,191,316,220,217,249,265,248,266,272,260,318,249,307,383,401,397,546,341,291,312,356,307,223,220,280,198,249,249,197,257,311,312,355,301,404,401,370,348,290,293,375,204,221,216,179,216,197,169,106,12,0,0,0,0,0,0,0,0,0,0,0,0,0,0,0,0,0,0,2,84,4097,10688,12069,12725,2330,0,0,0,0,0,0,0,0,0,0,0,58,3376,6175,5752,4265,5737,8968,3058,0,0,0,0,0,0,0,0,0,0,0,0,0,0,0,0,0,0,0,0,0,0,0,0,0,0,0,0,0,0,3,143,462,394,441,366,347,379,333,259,321,258,301,266,302,295,321,397,379,389,440,416,352,328,404,372,276,248,279,265,313,281,304,359,382,375,428,441,477,404,309,439,285,318,257,292,273,221,345,262,377,390,447,430,384,381,288,290,288,239,283,263,325,292,306,327,370,410,457,467,400,348,373,462,259,271,306,274,304,242,283,302,329,409,387,423,446,355,299,383,285,301,287,214,286,186,147,33,
3,0,0,0,1,9,37,219,67,0,0,0,0,0,0,0,0,0,4,108,0,0,0,0,0,0,0,0,0,0,0,0,0,0,0,0,0,0,0,0,0,0,0,0,0,0,0,0,0,0,0,0,0,0,0,0,0,0,0,0,0,0,0,0,0,0,0,0,0,0,0,0,0,0,0,0,0,0,0,0,0,342,5631,4386,6713,4400,6690,4504,5942,4626,10413,7971,6204,4623,4008,5010,3875,4790,4082,4273,4386,186,0,5,0,0,1,0,0,0,0,0,0,0,0,0,0,0,0,0,0,0,0,0,0,0,0,0,0,0,0,0,0,0,0,0,0,0,0,0,0,0,0,0,0,0,0,0,0,0,0,0,0,0,0,0,0,0,0,0,0,0,0,0,0,0,0,0,0,0,0,0,0,0,0,0,0,0,0,0,0,0,0,0,0,0,0,0,0,0,0,0,0,0,0,0,42,286,11,0,0,0,0,0,0,0,0,0,0,0,0,0,0,0,0,0,0,0,0,0,0,0,0,0,0,0,0,0,0,0,0,0,0,0,0,0,0,0,0,0,0,0,0,0,0,0,0,0,0,0,0,0,0,0,0,0,0,0,0,0,0,0,0,0,0,0,0,0,0,0,0,0,0,0,0,0,0,0,0,0,0,0,0,0,0,0,0,0,0,0,0,0,0,0,0,0,0,0,0,0,0,0,0,0,0,0,0,0,0,0,0,0,0,0,0,0,0,0,0,0,0,6,154,230,256,269,215,230,267,257,321,323,427,379,374,331,419,251,421,296,228,268,205,318,301,174,248,253,247,319,353,376,345,402,356,448,279,365,361,285,225,216,280,291,253,293,264,239,224,230,251,276,220,226,300,298,371,357,396,383,448,307,307,303,375,259,272,241,267,250,284,270,262,319,279,426,354,383,346,400,299,329,342,281,216,220,267,256,236,268,187,218,313,312,399,352,407,369,365,315,293,353,382,225,230,240,207,272,244,194,250,279,229,248,283,138,219,183,194,138,13,0,0,0,0,0,0,0,0,0,0,0,0,0,0,0,0,0,0,0,0,0,0,0,0,0,0,0,0,0,0,0,0,0,0,0,0,0,0,0,0,0,0,0,0,0,0,0,0,0,0,0,0,0,0,31,70,0,0,0,0,0,0,23,60,0,0,0,0,0,0,0,0,0,2,83,0,0,0,0,0,0,2,83,0,0,0,0,0,0,0,0,0,0,1,13,205,234,295,301,237,295,281,364,369,403,349,430,462,281,417,273,291,317,258,324,201,278,292,283,389,442,440,415,435,362,388,323,282,271,277,294,248,268,298,207,287,259,225,313,236,327,303,445,375,1158,12641,14131,11272,3197,288,270,315,310,276,254,237,305,335,375,392,438,460,383,422,5465,8937,9344,8422,7018,631,275,265,300,371,402,360,424,391,388,326,321,435,294,297,225,243,269,222,265,283,251,260,256,233,220,177,78,
4,0,0,0,0,1,38,7,198,230,0,0,0,0,0,0,0,0,0,0,85,0,0,0,0,0,0,0,0,0,0,0,0,0,0,0,0,0,0,0,0,0,0,0,0,0,0,0,0,0,0,0,0,0,0,0,0,0,0,0,0,0,0,0,0,0,0,0,0,0,0,0,0,0,0,0,0,0,0,0,0,0,0,0,0,0,0,31,37,25,42,69,5968,5032,4587,4774,4815,4569,4924,5057,6955,6906,11977,8009,3410,4638,3946,3445,4815,3698,4088,3870,3756,1698,2,0,1,0,0,0,1,0,0,0,0,0,0,0,0,0,0,0,0,0,0,0,0,0,0,0,0,0,0,0,0,0,0,0,0,0,0,0,0,0,0,0,0,0,0,0,0,0,0,0,0,0,0,0,0,0,0,0,0,0,0,0,0,0,0,0,0,0,0,0,0,0,0,0,0,0,0,0,0,0,0,0,0,0,0,0,0,0,0,0,20,284,465,431,621,528,580,585,428,880,506,313,363,372,308,377,372,379,375,330,456,524,424,562,575,642,497,474,500,398,330,301,284,300,365,299,343,303,239,270,224,244,278,200,197,330,356,432,295,370,378,364,334,404,219,237,278,256,247,227,242,237,261,380,360,382,303,372,330,364,293,474,300,294,238,200,279,262,255,256,210,290,314,337,394,380,368,364,297,337,414,297,255,225,244,239,192,279,268,250,296,264,235,311,228,263,322,290,336,312,328,277,281,348,260,231,263,89,32,0,0,0,0,0,0,0,0,0,0,0,0,0,0,0,0,0,0,0,0,0,0,0,0,0,0,0,0,0,0,0,0,0,0,0,0,0,0,0,0,0,0,0,0,0,0,0,0,0,0,0,0,0,0,0,0,0,0,0,0,0,0,0,0,0,0,0,0,0,0,0,0,0,0,0,0,0,0,0,0,0,0,0,0,0,0,0,0,0,0,0,0,0,0,0,0,0,0,0,0,0,0,0,0,0,0,0,0,6,9,8,6,2,0,6,200,398,359,431,437,424,324,367,376,230,269,248,243,314,234,276,245,324,767,952,480,428,351,345,371,318,266,268,213,330,256,280,281,260,306,285,300,281,270,380,421,417,373,415,390,396,458,295,299,322,331,275,292,280,265,333,374,435,545,348,408,317,454,357,291,235,230,254,285,308,313,230,362,326,391,451,251,408,313,533,284,322,250,283,256,269,305,232,330,227,284,280,234,299,381,257,227,70,32,0,0,0,0,0,0,0,0,0,0,0,0,0,0,0,0,0,0,0,0,0,0,0,0,0,0,0,0,0,0,0,0,0,0,0,0,0,0,0,0,0,0,0,3,173,0,0,0,0,0,25,1648,11459,8239,6382,344,0,0,0,0,0,0,0,0,0,0,0,0,0,0,0,4,253,4797,6608,6632,6386,6467,5373,130,
4,0,0,0,0,7,47,2,22,669,205,0,0,0,0,0,0,0,0,0,0,0,0,0,0,0,0,0,0,0,0,0,0,0,0,0,0,0,0,0,0,0,0,0,0,0,0,0,0,0,0,0,0,0,0,0,0,0,0,0,0,0,0,0,0,0,0,0,0,0,0,0,0,0,0,0,0,0,0,0,0,0,0,0,1,3,7,8,12,8,19,10,7,5,17,22,31,30,45,53,54,5,7,906,7617,5403,10199,5994,11619,13686,8976,14637,13798,11495,6179,3577,5639,3344,5193,5516,4947,5498,4952,4637,3239,1,1,0,0,0,0,0,0,0,0,0,0,0,0,0,0,0,0,0,0,0,0,0,0,0,0,0,0,0,0,0,0,0,0,0,0,10,298,553,526,620,543,549,456,551,469,368,325,361,325,329,365,402,318,459,382,342,345,319,342,425,315,466,479,570,577,620,466,459,387,526,346,317,322,345,353,372,299,209,146,11,0,0,0,0,0,0,0,0,0,0,0,0,0,0,0,0,0,0,0,0,0,0,0,0,0,2,103,184,0,0,0,0,0,0,0,0,0,0,0,0,0,0,0,0,0,0,0,0,0,0,0,0,0,0,0,0,0,0,0,0,0,0,0,0,0,0,0,0,0,0,0,0,0,0,0,0,0,0,0,0,0,0,0,0,0,0,0,0,0,0,0,0,0,0,0,0,0,0,0,0,0,0,0,0,0,0,0,0,0,0,0,0,3,2,4,16,8,6,4,7,2,14,15,28,223,384,384,453,406,417,390,328,301,382,236,217,276,295,310,355,426,399,350,294,364,342,270,217,261,289,226,303,264,251,293,233,228,265,245,297,348,364,397,439,412,385,290,395,315,219,263,287,219,269,241,234,282,254,304,351,346,440,391,358,315,375,307,242,216,250,277,258,298,246,252,391,437,396,428,378,404,364,273,206,244,244,217,305,245,296,269,244,272,266,303,277,229,372,372,410,467,340,299,361,311,245,287,241,219,186,170,84,26,0,0,0,0,0,0,0,0,0,0,0,0,0,0,0,0,0,0,0,0,0,0,0,0,0,0,0,0,0,0,0,0,0,0,0,0,0,0,0,0,0,0,0,0,0,0,0,0,0,0,0,0,0,0,0,0,0,0,0,0,0,0,12,53,0,0,0,0,0,0,0,3,139,51,0,0,0,0,0,0,0,0,0,0,0,0,0,0,0,0,0,0,0,0,0,0,0,0,0,0,0,0,0,0,0,0,0,0,0,0,0,0,0,0,0,0,0,0,0,0,0,0,0,0,0,0,0,0,0,0,0,0,0,0,0,0,0,0,0,0,0,0,0,0,0,0,0,0,0,0,0,0,0,0,0,0,0,0,0,0,0,0,0,0,0,0,0,0,0,0,0,0,0,0,0,1,561,6241,8274,12131,9527,2257,
1,0,0,0,1,5,44,1,6,14,522,0,0,0,0,0,0,0,0,0,0,0,0,0,0,0,0,0,0,0,0,0,0,0,0,0,0,0,0,0,0,0,0,0,0,0,0,0,0,0,0,0,0,0,0,0,0,0,0,0,0,0,0,0,0,0,0,0,0,0,0,0,0,0,0,0,0,0,0,0,0,0,0,0,0,0,0,0,0,0,0,0,0,0,0,0,0,0,0,0,0,0,0,0,0,0,0,0,0,0,0,0,0,160,10606,8421,13533,10170,10854,8010,11532,9889,30529,30742,823,4832,5139,5068,5335,4326,7746,15824,1199,0,1,3,2,2,1,0,0,0,0,0,0,0,0,0,0,0,0,0,0,0,0,0,0,0,0,0,0,0,0,0,0,0,0,0,0,0,0,0,0,0,0,0,0,0,0,0,0,0,0,0,3,27,187,203,198,143,176,146,172,205,189,160,163,96,182,197,175,169,172,145,105,143,157,182,215,172,174,120,115,187,199,140,138,155,151,88,155,198,130,200,152,127,91,164,115,133,144,146,136,154,143,184,154,204,182,171,118,225,169,197,248,183,278,324,218,164,149,192,186,208,166,245,185,136,181,165,123,155,172,189,163,209,131,168,174,189,209,204,261,331,303,391,440,467,421,263,329,367,238,267,232,251,304,227,252,266,291,401,362,412,418,440,334,361,335,243,247,306,260,249,269,221,221,274,265,251,264,221,253,348,303,336,358,401,405,412,268,371,287,272,265,166,181,181,120,57,3,0,0,0,0,0,0,0,0,0,0,0,0,0,0,0,0,0,0,0,0,0,0,0,0,0,0,0,0,0,0,0,0,0,0,0,0,0,0,0,0,0,0,0,0,0,0,0,0,0,0,0,0,0,0,0,0,0,0,0,0,0,0,0,0,0,0,0,0,0,0,0,0,0,0,0,0,0,0,0,0,0,0,0,0,0,0,0,0,0,0,0,0,0,0,0,0,0,0,0,0,0,0,0,0,0,0,0,0,0,0,0,0,0,0,0,0,0,0,0,0,0,0,0,0,0,0,0,0,0,0,0,0,0,0,0,0,0,0,0,0,0,0,0,0,0,0,0,0,0,0,0,0,0,3,30,349,196,0,0,0,0,0,0,5,55,0,0,0,0,0,0,0,0,1,186,87,0,0,0,0,0,0,0,0,0,0,0,0,0,0,0,0,0,0,0,0,0,0,0,0,0,0,0,0,0,0,0,0,0,0,0,0,0,0,0,0,0,0,0,0,0,0,0,0,0,0,0,0,0,0,0,0,0,0,0,0,0,0,0,0,0,0,0,0,0,0,0,0,0,0,0,0,0,0,0,0,0,0,0,0,0,0,0,0,0,0,0,0,0,0,0,0,0,0,0,0,0,0,0,2,23,124,0,0,0,0,0,8,292,7555,9550,3094,
53,66,0,0,0,3,33,0,0,0,0,0,0,0,0,0,0,0,0,0,0,0,0,0,0,0,0,0,0,0,0,0,0,0,0,0,0,0,0,0,0,0,0,0,0,0,0,0,0,0,0,0,0,0,0,0,0,0,0,0,0,0,0,0,0,0,0,0,0,0,0,0,0,0,0,0,0,0,0,0,0,0,0,0,0,0,0,0,0,0,0,0,0,0,0,0,0,0,0,0,0,0,0,0,0,0,0,0,0,0,0,0,0,0,0,0,0,0,2,33,549,8923,139233,97730,0,0,0,0,1,32,9,
0,0,0,0,0,3,36,0,0,0,0,0,0,0,0,0,0,0,0,0,0,0,0,0,0,0,0,0,0,0,0,0,0,0,0,0,0,0,0,0,0,0,0,0,0,0,0,0,0,0,0,0,0,0,0,0,0,0,0,0,0,0,0,0,0,0,0,0,0,0,0,0,0,0,0,0,0,0,0,0,0,0,0,0,0,0,0,0,0,0,0,0,0,0,0,0,0,0,0,0,0,0,0,0,0,0,0,0,0,0,0,0,0,0,0,0,0,0,0,0,15,188,2964,45320,76887,112180,11579,0,0,0,12,17,16,
2,0,0,0,0,7,30,0,0,0,0,0,0,0,0,0,0,0,0,0,0,0,0,0,0,0,0,0,0,0,0,0,0,0,0,0,0,0,0,0,0,0,0,0,0,0,0,0,0,0,0,0,0,0,0,0,0,0,0,0,0,0,0,0,0,0,0,0,0,0,0,0,0,0,0,0,0,0,0,0,0,0,0,0,0,0,0,0,0,0,0,0,0,0,0,0,0,0,0,0,0,0,0,0,0,0,0,0,0,0,0,0,0,0,0,0,0,0,0,0,0,15,132,1746,22888,138636,83746,0,0,0,0,3,23,5,
5,0,0,0,0,1,28,0,0,0,0,0,0,0,0,0,0,0,0,0,0,0,0,0,0,0,0,0,0,0,0,0,0,0,0,0,0,0,0,0,0,0,0,0,0,0,0,0,0,0,0,0,0,0,0,0,0,0,0,0,0,0,0,0,0,0,0,0,0,0,0,0,0,0,0,0,0,0,0,0,0,0,0,0,0,0,0,0,0,0,0,0,0,0,0,0,0,0,0,0,0,0,0,0,0,0,0,0,0,0,0,0,0,0,10,35,109,844,2142,2338,2892,2918,3888,6813,39296,173505,12675,0,0,0,0,20,22,
1,0,0,0,0,6,22,0,0,0,0,0,0,0,0,0,0,0,0,0,0,0,0,0,0,0,0,0,0,0,0,0,0,0,0,0,0,0,0,0,0,0,0,0,0,0,0,0,0,0,0,0,0,0,0,0,0,0,0,0,0,0,0,0,0,0,0,0,0,0,0,0,0,0,0,0,0,0,0,0,0,0,0,0,0,0,0,0,0,0,0,0,0,0,0,0,0,0,0,0,0,0,0,0,0,0,0,0,2,2,3,3,5,2,2,5,2,2,9,7,16,19,65,798,11493,120340,114283,0,0,0,0,6,25,7,
244,457,34,33,0,4,21,0,0,0,0,0,0,0,0,0,0,0,0,0,0,0,0,0,0,0,0,0,0,0,0,0,0,0,0,0,0,0,0,0,0,0,0,0,0,0,0,0,0,0,0,0,0,0,0,0,0,0,0,0,0,0,0,0,0,0,0,0,0,0,0,0,0,0,0,0,0,0,0,0,0,0,0,0,0,0,0,0,0,0,0,0,0,0,0,0,0,0,0,0,0,0,0,0,0,0,0,0,0,0,0,0,0,0,0,0,0,0,0,19,13,99,553,2029,4999,32055,145746,61973,476,0,0,0,10,20,8,
87,69,26,18,40,15,12,0,0,0,0,0,0,0,0,0,0,0,0,0,0,0,0,0,0,0,0,0,0,0,0,0,0,0,0,0,0,0,0,0,0,0,0,0,0,0,0,0,0,0,0,0,0,0,0,0,0,0,0,0,0,0,0,0,0,0,0,0,0,0,0,0,0,0,0,0,0,0,0,0,0,0,0,0,0,0,0,0,0,0,0,0,0,0,0,0,0,0,0,0,0,0,0,0,0,0,0,0,0,0,0,0,0,0,0,0,0,0,0,0,0,0,2,8,67,340,2502,24279,59556,106048,50963,3002,0,0,10,6,24,7,
98,151,74,73,18,80,93,0,0,0,0,0,0,0,0,0,0,0,0,0,0,0,0,0,0,0,0,0,0,0,0,0,0,0,0,0,0,0,0,0,0,0,0,0,0,0,0,0,0,0,0,0,0,0,0,0,0,0,0,0,0,0,0,0,0,0,0,0,0,0,0,0,0,0,0,0,0,0,0,0,0,0,0,0,0,0,0,0,0,0,0,0,0,0,0,0,0,0,0,0,0,0,0,0,0,0,0,0,0,0,0,0,0,0,4,1255,1914,1814,1688,1867,1777,1659,1814,1692,1711,1848,1859,1995,24756,51892,67685,72626,122,0,0,10,5,20,9,
390,543,0,0,0,3,34,0,0,0,0,0,0,0,0,0,0,0,0,0,0,0,0,0,0,0,0,0,0,0,0,0,0,0,0,0,0,0,0,0,0,0,0,0,0,0,0,0,0,0,0,0,0,0,0,0,0,0,0,0,0,0,0,0,0,0,0,0,0,0,0,0,0,0,0,0,0,0,0,0,0,0,0,0,0,0,0,0,0,0,0,0,0,0,0,0,0,0,0,0,0,0,0,0,0,0,0,0,0,0,0,0,0,0,0,0,0,0,0,0,0,4,53,5295,46740,52499,48911,55195,26414,0,1,11,8,11,3,1,
270,184,82,0,0,1,31,0,0,0,0,0,0,0,0,0,0,0,0,0,0,0,0,0,0,0,0,0,0,0,0,0,0,0,0,0,0,0,0,0,0,0,0,0,0,0,0,0,0,0,0,0,0,0,0,0,0,0,0,0,0,0,0,0,0,0,0,0,0,0,0,0,0,0,0,0,0,0,0,0,0,0,0,0,0,0,0,0,0,0,0,0,0,0,0,0,0,0,0,0,0,0,0,0,0,0,0,0,0,0,0,0,0,0,0,0,0,8,662,31438,51208,49582,67375,31622,2244,0,7,13,12,15,6,
74,171,38,0,0,0,28,0,0,0,0,0,0,0,0,0,0,0,0,0,0,0,0,0,0,0,0,0,0,0,0,0,0,0,0,0,0,0,0,0,0,0,0,0,0,0,0,0,0,0,0,0,0,0,0,0,0,0,0,0,0,0,0,0,0,0,0,0,0,0,0,0,0,0,0,0,0,0,0,0,0,0,0,0,0,0,0,0,0,0,0,0,0,0,0,0,0,0,0,0,0,0,0,0,0,0,0,0,0,0,71,8112,42412,22644,19727,25674,28180,32913,40633,12145,8,4,0,0,0,4,
163,223,25,36,0,1,45,0,0,0,0,0,0,0,0,0,0,0,0,0,0,0,0,0,0,0,0,0,0,0,0,0,0,0,0,0,0,0,0,0,0,0,0,0,0,0,0,0,0,0,0,0,0,0,0,0,0,0,0,0,0,0,0,0,0,0,0,0,0,0,0,0,0,0,0,0,0,0,0,0,0,0,0,0,0,0,0,0,0,0,0,0,0,0,0,0,0,0,0,0,0,0,0,0,0,170,18572,54186,50054,62145,28978,19503,768,8,7,9,6,2,3,
64,164,29,7,0,0,40,0,0,0,0,0,0,0,0,0,0,0,0,0,0,0,0,0,0,0,0,0,0,0,0,0,0,0,0,0,0,0,0,0,0,0,0,0,0,0,0,0,0,0,0,0,0,0,0,0,0,0,0,0,0,0,0,0,0,0,0,0,0,0,0,0,0,0,0,0,0,0,0,0,0,0,0,0,0,0,0,0,0,0,0,0,0,0,0,0,0,0,0,2,254,14892,35968,48551,51591,47055,32167,0,1,5,5,5,4,3,
61,427,84,120,10,3,35,4,0,0,0,0,0,0,0,0,0,0,0,0,0,0,0,0,0,0,0,0,0,0,0,0,0,0,0,0,0,0,0,0,0,0,0,0,0,0,0,0,0,0,0,0,0,0,0,0,0,0,0,0,0,0,0,0,0,0,0,0,0,0,0,0,0,0,0,0,0,0,0,0,0,0,0,0,0,0,0,0,0,0,0,0,0,0,3,51,4348,42592,44365,61173,57543,28192,3394,1906,326,224,11,6,3,0,1,
84,125,2,0,0,0,27,0,0,0,0,0,0,0,0,0,0,0,0,0,0,0,0,0,0,0,0,0,0,0,0,0,0,0,0,0,0,0,0,0,0,0,0,0,0,0,0,0,0,0,0,0,0,0,0,0,0,0,0,0,0,0,0,0,0,0,0,0,0,0,0,0,0,0,0,0,0,0,0,0,0,0,0,0,0,0,0,0,0,0,24,4023,50599,43645,41934,69406,34539,987,297,7,5,10,15,4,
58,106,42,39,17,2,20,0,0,0,0,0,0,0,0,0,0,0,0,0,0,0,0,0,0,0,0,0,0,0,0,0,0,0,0,0,0,0,0,0,0,0,0,0,0,0,0,0,0,0,0,0,0,0,0,0,0,0,0,0,0,0,33,1476,4452,7149,7707,7750,7342,7075,6470,6925,8904,7048,7565,5641,7871,6540,6348,7831,10425,10102,4969,4322,4297,5305,5948,6531,13575,15233,10239,35812,6796,329,204,2,6,1,6,1,
70,111,12,0,0,0,38,0,0,0,0,0,0,0,0,0,0,0,0,0,0,0,0,0,0,0,0,0,0,19,1995,9513,9978,8452,8208,6918,9087,10620,8131,3130,8538,8182,7324,7505,6327,6870,6577,7160,7222,7365,6896,7075,6065,7250,16897,7489,7357,6605,5712,7347,6244,5678,3186,997,84,69,1,0,1,
45,309,2359,39855,123410,41149,7714,8958,8976,8227,1638,27,2,2,1,1,
44,460,7626,119503,111921,1927,876,158,0,2,17,3,1,
61,384,1323,23634,168619,40564,2751,802,507,570,340,30,1,1,
69,182,212,2387,45795,185044,7431,1446,610,53,0,20,16,
104,164,21,260,4601,89062,144504,2474,1565,286,0,0,26,14,1,
52,190,220,429,4414,70114,161696,3016,1332,338,41,0,13,11,1,
55,114,156,190,886,5262,58690,154709,19850,1118,1344,1723,1181,290,13,1,
858,1340,144,50,102,1797,27229,194052,9189,4778,2010,511,2,10,12,1,2,
257,704,236,102,92,443,7327,128080,89658,3815,2092,880,0,2,23,2,
3,0,1,5,14,236,4395,87815,141484,585,0,0,0,0,25,14,
132,429,0,0,0,38,645,8731,110392,90703,24002,972,18,0,5,25,8,
1,0,0,0,0,3,39,20,463,9626,82356,125068,15412,0,0,0,3,22,11,
7,0,0,0,0,10,26,2,10,74,1068,23469,133125,77871,347,0,0,0,5,22,8,
31,148,75,0,9,91,121,49,48,57,62,228,2729,50830,120963,62944,305,0,0,0,20,10,6,
151,155,46,20,4,6,37,0,0,2,0,6,64,870,12128,120110,98225,3574,1919,5,0,3,12,11,1,1,
63,168,2,0,0,4,30,0,0,0,0,3,17,90,1143,15860,129844,57187,32786,2176,537,0,8,22,7,
100,191,0,0,16,30,77,40,39,33,37,39,70,85,121,526,7235,127744,102232,1434,403,0,0,2,28,1,
5,94,93,0,0,10,29,0,0,0,0,0,2,15,187,1710,21721,150085,61570,2278,196,0,0,7,29,5,
11,111,0,0,0,2,30,0,0,0,2,0,4,130,2453,42531,167940,24826,0,0,0,0,7,16,
3,13,29,46,48,48,78,33,55,58,51,57,137,1042,17368,184497,35082,845,0,0,0,6,31,1,
4,0,0,0,0,5,31,0,0,0,9,167,2359,44818,155705,38594,0,0,0,0,10,23,3,
1,0,0,0,0,6,25,0,19,137,1596,25754,136069,77005,279,0,0,0,11,24,8,
6,12,31,133,163,125,168,144,173,984,12562,144774,77000,0,0,0,0,2,25,5,
3,0,0,0,1,13,124,158,804,12357,114388,113012,0,0,0,0,4,25,6,
756,701,693,690,702,713,927,5254,50209,107119,68172,0,0,0,1,9,18,7,
266,548,1346,25314,52084,36878,39522,55612,25774,0,6,6,2,9,9,1,
9283,102822,77499,32836,52,1,48,3,25,11,4,
92768,104431,27,0,0,6,57,21,12,
121413,74200,0,0,0,1,45,40,
122130,71611,0,0,0,8,42,27,
96367,97416,0,0,0,0,36,18,4,
93086,101057,0,0,0,6,41,29,2,
117779,75402,0,0,1,7,49,18,1,
84835,118921,0,0,0,3,34,33,7,
51026,158736,0,0,0,9,33,16,19,
48822,158009,5803,63,0,2,37,13,22,
6198,127453,81088,0,1,6,34,1,36,2,
20312,173194,29400,0,0,5,40,13,24,2,
5337,105001,110241,0,0,1,42,3,24,6,
49720,166923,650,0,1,5,43,18,15,
8680,129390,84439,0,2,3,48,3,28,
6951,104307,110834,1868,653,6,27,3,18,10,
3494,78257,143902,117,0,8,43,0,24,9,
5173,78378,130042,8996,8,5,31,8,15,24,
7194,117028,102456,0,2,5,43,2,33,3,
8031,141045,73902,0,0,4,35,3,43,3,
12319,171831,33981,0,0,4,36,3,27,
58049,156577,161,0,2,3,55,19,17,
72122,132134,0,0,0,1,27,8,13,
45070,154063,8421,0,0,7,43,6,22,
72054,30056,12426,0,0,4,105,12,7,2,
107731,20475,0,0,0,0,81,29,1,
109396,9915,0,0,0,4,74,29,
109103,21196,0,0,0,4,82,12,1,
90897,113930,1170,835,0,3,40,25,8,
38937,172820,723,0,0,4,48,7,27,
45814,141271,17372,260,0,3,52,8,21,0,1,
7346,48091,134801,38267,431,8,28,3,12,16,2,
103,1148,18638,158799,48639,249,39,0,0,6,23,2,1,
12,27,386,8203,65097,81689,64508,14548,0,0,4,12,13,9,1,
2,1,0,6,55,187,2562,39231,58524,61604,62775,13263,0,3,8,6,13,6,1,
97,102,102,284,1202,1064,1229,1489,1657,21122,42947,98804,65752,0,0,0,3,14,20,9,
6344,40922,46396,44721,31054,4149,6268,5338,12879,25384,5,5,0,0,0,1,3,
38,346,651,973,9513,46321,39147,33791,47746,21763,36575,326,13,9,4,13,3,3,
4409,1253,0,0,0,2,41,162,5516,55291,63964,86753,28983,0,0,0,5,12,17,2,
56906,21020,11903,8934,9000,8464,8538,12058,10696,11486,48,0,2,1,2,2,2,
27604,37804,24879,30920,34894,32559,11880,369,5,1,11,4,7,1,
29,0,0,1,31,2205,19372,50386,24755,43020,47454,32501,18790,11,12,4,6,7,8,1,
17,0,0,0,0,2,43,0,0,0,19,1071,12114,49301,38477,51302,29969,39411,19636,5,13,4,10,3,8,2,
349,651,0,0,0,6,33,0,0,0,0,1,0,0,0,0,40,513,19327,32217,44425,25665,34870,27455,19281,14581,18528,3298,9,2,9,3,2,1,1,
3939,57301,126934,21868,0,13,41,4,13,22,3,0,0,0,0,0,0,0,0,0,0,0,0,0,0,0,0,0,0,0,0,0,0,0,0,0,0,0,0,0,0,0,0,0,0,0,0,0,0,0,0,0,0,0,0,0,0,0,0,0,0,0,0,0,0,0,0,0,0,0,0,0,0,0,0,0,0,0,0,0,0,0,0,0,0,0,0,0,0,0,0,0,0,0,0,0,0,0,0,0,0,0,0,0,0,0,0,0,0,0,0,0,0,0,0,0,0,0,0,0,0,0,0,0,0,0,0,0,0,0,0,0,0,0,0,0,0,0,0,0,0,0,0,0,0,0,0,0,0,0,0,0,0,0,0,0,0,0,0,0,0,0,0,0,0,0,0,0,0,0,0,0,0,0,0,0,0,0,0,0,0,0,0,0,0,0,0,0,0,0,0,0,0,0,0,0,0,0,0,0,0,0,0,0,0,0,0,0,0,0,0,0,0,0,0,0,0,0,0,0,0,0,0,0,0,0,0,0,0,0,0,0,0,0,0,0,0,0,0,0,0,0,0,0,0,0,0,0,0,0,0,0,0,0,0,0,0,0,0,0,0,0,0,0,0,0,0,0,0,0,0,0,0,0,0,0,0,0,0,0,0,0,0,0,0,0,0,0,0,0,0,0,0,0,0,0,0,0,0,0,0,0,0,0,0,0,0,0,0,0,0,0,0,0,0,0,0,0,0,0,0,0,0,0,0,0,0,0,0,0,0,0,0,0,0,0,0,0,0,0,0,0,0,0,0,0,0,0,0,0,0,0,0,0,0,0,0,0,10,7,27,27,8,11,10,8,20,7,8,14,18,10,11,4,12,6,7,7,8,4,5,4,1,
355,1585,12828,92033,116370,4756,40,0,2,2,19,16,0,0,0,0,0,0,0,0,0,0,0,0,0,0,0,0,0,0,0,0,0,0,0,0,0,0,0,0,0,0,0,0,0,0,0,0,0,0,0,0,0,0,0,0,0,0,0,0,0,0,0,0,0,0,0,0,0,0,0,0,0,0,0,0,0,0,0,0,0,0,0,0,0,0,0,0,0,0,0,0,0,0,0,0,0,0,0,0,0,0,0,0,0,0,0,0,0,0,0,0,0,0,0,0,0,0,0,0,0,0,0,0,0,0,0,0,0,0,0,0,0,0,0,0,0,0,0,0,0,0,0,0,0,0,0,0,0,0,0,0,0,0,0,0,0,0,0,0,0,0,0,0,0,0,0,0,0,0,0,0,0,0,0,0,0,0,0,0,0,0,0,0,0,0,0,0,0,0,0,0,0,0,0,0,0,0,0,0,0,0,0,0,0,0,0,0,0,0,0,0,0,0,0,0,0,0,0,0,0,0,0,0,0,0,0,0,0,0,0,0,0,0,0,0,0,0,0,0,0,0,0,0,0,0,0,0,0,0,0,0,0,0,0,0,0,0,0,0,0,0,0,0,0,0,0,0,0,0,0,0,0,0,0,0,0,0,0,0,0,0,0,0,0,0,0,0,0,0,0,0,0,0,0,0,0,0,0,0,0,0,0,0,0,0,0,0,0,0,0,0,0,0,0,0,0,0,0,0,0,0,0,0,0,0,0,0,0,0,0,0,0,0,0,0,0,0,0,0,0,0,0,0,0,0,0,0,0,0,0,0,0,0,0,0,0,0,0,0,0,0,0,0,0,0,0,0,0,0,0,0,0,0,0,0,0,0,0,0,1,6,6,13,12,9,10,15,15,13,27,13,12,28,17,7,29,8,14,10,4,16,7,4,1,
544,2080,36422,167182,16152,9,49,0,0,6,24,1,0,0,0,0,0,0,0,0,0,0,0,0,0,0,0,0,0,0,0,0,0,0,0,0,0,0,0,0,0,0,0,0,0,0,0,0,0,0,0,0,0,0,0,0,0,0,0,0,0,0,0,0,0,0,0,0,0,0,0,0,0,0,0,0,0,0,0,0,0,0,0,0,0,0,0,0,0,0,0,0,0,0,0,0,0,0,0,0,0,0,0,0,0,0,0,0,0,0,0,0,0,0,0,0,0,0,0,0,0,0,0,0,0,0,0,0,0,0,0,0,0,0,0,0,0,0,0,0,0,0,0,0,0,0,0,0,0,0,0,0,0,0,0,0,0,0,0,0,0,0,0,0,0,0,0,0,0,0,0,0,0,0,0,0,0,0,0,0,0,0,0,0,0,0,0,0,0,0,0,0,0,0,0,0,0,0,0,0,0,0,0,0,0,0,0,0,0,0,0,0,0,0,0,0,0,0,0,0,0,0,0,0,0,0,0,0,0,0,0,0,0,0,0,0,0,0,0,0,0,0,0,0,0,0,0,0,0,0,0,0,0,0,0,0,0,0,0,0,0,0,0,0,0,0,0,0,0,0,0,0,0,0,0,0,0,0,0,0,0,0,0,0,0,0,0,0,0,0,0,0,0,0,0,0,0,0,0,0,0,0,0,0,0,0,0,0,0,0,0,0,0,0,0,0,0,0,0,0,0,0,0,0,0,0,0,0,0,0,0,0,0,0,0,0,0,0,0,0,0,0,0,0,0,0,0,0,0,0,0,0,0,0,0,0,0,0,0,0,0,0,0,0,0,0,0,0,0,0,0,0,0,0,0,0,0,0,0,0,0,0,0,0,0,0,0,0,0,0,0,0,0,0,0,0,0,0,0,0,3,3,7,1,5,9,13,18,12,12,12,11,15,14,12,19,7,18,11,0,14,8,2,4,1,
622,1703,34075,170355,14112,8,31,0,1,8,34,0,0,0,0,0,0,0,0,0,0,0,0,0,0,0,0,0,0,0,0,0,0,0,0,0,0,0,0,0,0,0,0,0,0,0,0,0,0,0,0,0,0,0,0,0,0,0,0,0,0,0,0,0,0,0,0,0,0,0,0,0,0,0,0,0,0,0,0,0,0,0,0,0,0,0,0,0,0,0,0,0,0,0,0,0,0,0,0,0,0,0,0,0,0,0,0,0,0,0,0,0,0,0,0,0,0,0,0,0,0,0,0,0,0,0,0,0,0,0,0,0,0,0,0,0,0,0,0,0,0,0,0,0,0,0,0,0,0,0,0,0,0,0,0,0,0,0,0,0,0,0,0,0,0,0,0,0,0,0,0,0,0,0,0,0,0,0,0,0,0,0,0,0,0,0,0,0,0,0,0,0,0,0,0,0,0,0,0,0,0,0,0,0,0,0,0,0,0,0,0,0,0,0,0,0,0,0,0,0,0,0,0,0,0,0,0,0,0,0,0,0,0,0,0,0,0,0,0,0,0,0,0,0,0,0,0,0,0,0,0,0,0,0,0,0,0,0,0,0,0,0,0,0,0,0,0,0,0,0,0,0,0,0,0,0,0,0,0,0,0,0,0,0,0,0,0,0,0,0,0,0,0,0,0,0,0,0,0,0,0,0,0,0,0,0,0,0,0,0,0,0,0,0,0,0,0,0,0,0,0,0,0,0,0,0,0,0,0,0,0,0,0,0,0,0,0,0,0,0,0,0,0,0,0,0,0,0,0,0,0,0,0,0,0,0,0,0,0,0,0,0,0,0,0,0,0,0,0,0,0,0,0,0,0,0,0,0,0,0,0,0,0,0,0,0,0,0,0,0,0,0,0,0,0,0,0,0,0,0,0,0,0,0,0,0,0,0,0,0,0,0,0,0,0,0,0,0,0,0,0,0,1,4,3,11,9,4,18,13,24,5,40,14,9,8,8,27,5,17,9,8,14,3,2,2,
1621,4991,87491,130010,288,3,50,0,1,24,29,0,0,0,0,0,0,0,0,0,0,0,0,0,0,0,0,0,0,0,0,0,0,0,0,0,0,0,0,0,0,0,0,0,0,0,0,0,0,0,0,0,0,0,0,0,0,0,0,0,0,0,0,0,0,0,0,0,0,0,0,0,0,0,0,0,0,0,0,0,0,0,0,0,0,0,0,0,0,0,0,0,0,0,0,0,0,0,0,0,0,0,0,0,0,0,0,0,0,0,0,0,0,0,0,0,0,0,0,0,0,0,0,0,0,0,0,0,0,0,0,0,0,0,0,0,0,0,0,0,0,0,0,0,0,0,0,0,0,0,0,0,0,0,0,0,0,0,0,0,0,0,0,0,0,0,0,0,0,0,0,0,0,0,0,0,0,0,0,0,0,0,0,0,0,0,0,0,0,0,0,0,0,0,0,0,0,0,0,0,0,0,0,0,0,0,0,0,0,0,0,0,0,0,0,0,0,0,0,0,0,0,0,0,0,0,0,0,0,0,0,0,0,0,0,0,0,0,0,0,0,0,0,0,0,0,0,0,0,0,0,0,0,0,0,0,0,0,0,0,0,0,0,0,0,0,0,0,0,0,0,0,0,0,0,0,0,0,0,0,0,0,0,0,0,0,0,0,0,0,0,0,0,0,0,0,0,0,0,0,0,0,0,0,0,0,0,0,0,0,0,0,0,0,0,0,0,0,0,0,0,0,0,0,0,0,0,0,0,0,0,0,0,0,0,0,0,0,0,0,0,0,0,0,0,0,0,0,0,0,0,0,0,0,0,0,0,0,0,0,0,0,0,0,0,0,0,0,0,0,0,0,0,0,0,0,0,0,0,0,0,0,0,0,0,0,0,0,0,0,0,0,0,0,0,0,0,0,0,0,0,0,0,0,0,0,0,0,0,0,0,0,0,0,0,0,0,0,0,0,0,0,0,0,0,0,0,0,0,0,0,0,0,0,0,0,0,0,0,0,0,0,3,3,2,2,12,5,6,14,8,16,10,8,29,23,1,10,8,20,29,11,11,7,2,4,1,1,
